rsrch_0,23,18000,0.1,9377,1,0.623139825,87007,93674,0.117,44.53808254,44.53808254,44.53808254,44.53808254,417633.6,
rsrch_0,23,18000,0.2,18754,1,0.649582595,87007,93674,0.117,22.26904127,22.26904127,22.26904127,22.26904127,417633.6,
rsrch_0,23,18000,0.3,28131,1,0.752684843,87007,93674,0.117,14.84602751,14.84602751,14.84602751,14.84602751,417633.6,
rsrch_0,23,18000,0.1,9377,1,0.623139825,87007,93674,0.117,44.53808254,44.53808254,44.53808254,44.53808254,417633.6,
rsrch_0,23,18000,0.2,18754,1,0.649582595,87007,93674,0.117,22.26904127,22.26904127,22.26904127,22.26904127,417633.6,
rsrch_0,23,18000,0.3,28131,1,0.752684843,87007,93674,0.117,14.84602751,14.84602751,14.84602751,14.84602751,417633.6,
rsrch_0,23,18000,0.4,37509,1,0.752684843,87007,93674,0.117,11.13422379,11.13422379,11.13422379,11.13422379,417633.6,
rsrch_0,23,18000,0.5,46886,1,0.752684843,87007,93674,0.117,8.907426524,8.907426524,8.907426524,10,417633.6,
rsrch_0,23,18000,0.1,9377,1,0.623139825,87007,93674,0.117,44.53808254,44.53808254,44.53808254,44.53808254,417633.6,
rsrch_0,23,18000,0.2,18754,1,0.649582595,87007,93674,0.117,22.26904127,22.26904127,22.26904127,22.26904127,417633.6,
rsrch_0,23,18000,0.3,28131,1,0.752684843,87007,93674,0.117,14.84602751,14.84602751,14.84602751,14.84602751,417633.6,
rsrch_0,23,18000,0.4,37509,1,0.752684843,87007,93674,0.117,11.13422379,11.13422379,11.13422379,11.13422379,417633.6,
rsrch_0,23,18000,0.5,46886,1,0.752684843,87007,93674,0.117,8.907426524,8.907426524,8.907426524,10,417633.6,
ts_0,13,18000,0.1,23928,1,0.793167093,77092,77478,0.01,15.46479438,15.46479438,15.46479438,15.46479438,370041.6,
ts_0,13,18000,0.2,47857,1,0.793167093,77092,77478,0.01,7.732235619,7.732235619,7.732235619,10,370041.6,
ts_0,13,18000,0.3,71786,1,0.793167093,77092,77478,0.01,5.154787842,5.154787842,5.154787842,10,370041.6,
ts_0,13,18000,0.4,95715,1,0.793167093,77092,77478,0.01,3.866077417,3.866077417,3.866077417,10,370041.6,
ts_0,13,18000,0.5,119644,1,0.793167093,77092,77478,0.01,3.092855471,3.092855471,3.092855471,10,370041.6,
prn_1,20,18000,0.1,2120971,1,0.024167721,14421261,14591405,0.978,32.63696335,32.63696335,32.63696335,32.63696335,69222052.8,69222052.8
prn_1,20,18000,0.2,4241942,1,0.026597713,14386381,14591405,0.978,16.27901296,16.27901296,16.27901296,16.27901296,69054628.8,69054628.8
prn_1,20,18000,0.3,6362913,1,0.026651032,14385700,14591405,0.978,10.85216158,10.85216158,10.85216158,10.85216158,69051360,69051360
prn_1,20,18000,0.4,8483884,1,0.026674813,14385419,14591405,0.978,8.138962202,8.138962202,8.138962202,10,69050011.2,84838840
prn_1,20,18000,0.5,10604855,1,0.026680912,14385337,14591405,0.978,6.511132646,6.511132646,6.511132646,10,69049617.6,106048550
hm_0,25,18000,0.1,61040,1,0.40732417,254118,268754,0.286,19.98306684,19.98306684,19.98306684,19.98306684,1219766.4,1219766.4
hm_0,25,18000,0.2,122080,1,0.481001213,249887,268754,0.286,9.825176933,9.825176933,9.825176933,10,1199457.6,1220800
hm_0,25,18000,0.3,183121,1,0.492052211,249677,268754,0.286,6.544577629,6.544577629,6.544577629,10,1198449.6,1831210
hm_0,25,18000,0.4,244161,1,0.492052211,249677,268754,0.286,4.908439923,4.908439923,4.908439923,10,1198449.6,2441610
hm_0,25,18000,0.5,305202,1,0.492052211,249677,268754,0.286,3.926742289,3.926742289,3.926742289,10,1198449.6,3052020
stg_1,17,18000,0.1,2093600,1,0.568865053,34477,34495,0.006,0.079045472,0.3,3,10,6280800,20936000
stg_1,17,18000,0.2,4187200,1,0.568865053,34477,34495,0.006,0.039522736,0.3,3,10,12561600,41872000
stg_1,17,18000,0.3,6280801,1,0.568865053,34477,34495,0.006,0.026348486,0.3,3,10,18842403,62808010
stg_1,17,18000,0.4,8374401,1,0.568865053,34477,34495,0.006,0.019761366,0.3,3,10,25123203,83744010
stg_1,17,18000,0.5,10468002,1,0.568865053,34477,34495,0.006,0.015809091,0.3,3,10,31404006,104680020
wdev_0,23,18000,0.1,3360,1,0.57969824,55060,59650,0.202,78.65714286,78.65714286,78.65714286,78.65714286,264288,264288
wdev_0,23,18000,0.2,6720,1,0.649321039,51560,59650,0.202,36.82857143,36.82857143,36.82857143,36.82857143,247488,247488
wdev_0,23,18000,0.3,10080,1,0.652271584,51560,59650,0.202,24.55238095,24.55238095,24.55238095,24.55238095,247488,247488
wdev_0,23,18000,0.4,13440,1,0.652355407,51560,59650,0.202,18.41428571,18.41428571,18.41428571,18.41428571,247488,247488
wdev_0,23,18000,0.5,16800,1,0.652388935,51560,59650,0.202,14.73142857,14.73142857,14.73142857,14.73142857,247488,247488
src1_2,4,18000,0.1,52089,1,0.451384949,80277,81086,0.029,7.397523469,7.397523469,7.397523469,10,385329.6,520890
src1_2,4,18000,0.2,104178,1,0.451384949,80277,81086,0.029,3.698761735,3.698761735,3.698761735,10,385329.6,1041780
src1_2,4,18000,0.3,156268,1,0.451384949,80277,81086,0.029,2.465825377,2.465825377,3,10,468804,1562680
src1_2,4,18000,0.4,208357,1,0.451384949,80277,81086,0.029,1.849371991,1.849371991,3,10,625071,2083570
src1_2,4,18000,0.5,260447,1,0.451384949,80277,81086,0.029,1.479493333,1.479493333,3,10,781341,2604470
ts_0,23,18000,0.1,23928,1,0.706090974,104538,164949,0.48,20.97051153,20.97051153,20.97051153,20.97051153,501782.4,501782.4
ts_0,23,18000,0.2,47857,1,0.76541234,104538,164949,0.48,10.48503667,10.48503667,10.48503667,10.48503667,501782.4,501782.4
ts_0,23,18000,0.3,71786,1,0.76541234,104538,164949,0.48,6.989975761,6.989975761,6.989975761,10,501782.4,717860
ts_0,23,18000,0.4,95715,1,0.76541234,104538,164949,0.48,5.242463564,5.242463564,5.242463564,10,501782.4,957150
ts_0,23,18000,0.5,119644,1,0.76541234,104538,164949,0.48,4.193962088,4.193962088,4.193962088,10,501782.4,1196440
ts_0,23,18000,0.7,167502,1,0.76541234,104538,164949,0.48,2.995680052,2.995680052,3,10,502506,1675020
ts_0,23,18000,0.8,191431,1,0.76541234,104538,164949,0.48,2.621218089,2.621218089,3,10,574293,1914310
ts_0,23,18000,0.1,23928,1,0.706090974,104538,164949,0.48,20.97051153,20.97051153,20.97051153,20.97051153,501782.4,501782.4
ts_0,23,18000,0.2,47857,1,0.76541234,104538,164949,0.48,10.48503667,10.48503667,10.48503667,10.48503667,501782.4,501782.4
ts_0,23,18000,0.3,71786,1,0.76541234,104538,164949,0.48,6.989975761,6.989975761,6.989975761,10,501782.4,717860
ts_0,23,18000,0.4,95715,1,0.76541234,104538,164949,0.48,5.242463564,5.242463564,5.242463564,10,501782.4,957150
ts_0,23,18000,0.5,119644,1,0.76541234,104538,164949,0.48,4.193962088,4.193962088,4.193962088,10,501782.4,1196440
ts_0,23,18000,0.6,143573,1,0.76541234,104538,164949,0.48,3.494963538,3.494963538,3.494963538,10,501782.4,1435730
ts_0,23,18000,0.7,167502,1,0.76541234,104538,164949,0.48,2.995680052,2.995680052,3,10,502506,1675020
prn_1,13,18000,0.1,2120971,1,0.390039675,192397,225836,0.59,0.43541642,0.43541642,3,10,6362913,21209710
prn_1,13,18000,0.2,4241942,1,0.390039675,192397,225836,0.59,0.21770821,0.3,3,10,12725826,42419420
prn_1,13,18000,0.3,6362913,1,0.390039675,192397,225836,0.59,0.145138807,0.3,3,10,19088739,63629130
prn_1,13,18000,0.4,8483884,1,0.390039675,192397,225836,0.59,0.108854105,0.3,3,10,25451652,84838840
prn_1,13,18000,0.5,10604855,1,0.390039675,192397,225836,0.59,0.087083284,0.3,3,10,31814565,106048550
prn_1,13,18000,0.6,12725826,1,0.390039675,192397,225836,0.59,0.072569403,0.3,3,10,38177478,127258260
prn_1,13,18000,0.7,14846796,1,0.390039675,192397,225836,0.59,0.06220235,0.3,3,10,44540388,148467960
hm_0,20,18000,0.01,6104,1,0.149192973,732055,756604,0.44,575.6657929,575.6657929,575.6657929,575.6657929,,3513864
hm_0,20,18000,0.05,30520,1,0.194985752,713417,756604,0.44,112.2018873,112.2018873,112.2018873,112.2018873,,3424401.6
hm_0,20,18000,0.1,61040,1,0.285117446,658256,756604,0.44,51.76325033,51.76325033,51.76325033,51.76325033,3159628.8,3159628.8
hm_0,20,18000,0.2,122080,1,0.395605892,590424,756604,0.44,23.21457405,23.21457405,23.21457405,23.21457405,2834035.2,2834035.2
hm_0,20,18000,0.3,183121,1,0.47168532,559630,756604,0.44,14.66912042,14.66912042,14.66912042,14.66912042,2686224,2686224
hm_0,20,18000,0.4,244161,1,0.548565696,540318,756604,0.44,10.62219765,10.62219765,10.62219765,10.62219765,2593526.4,2593526.4
hm_0,20,18000,0.5,305202,1,0.5624924,536298,756604,0.44,8.434513535,8.434513535,8.434513535,10,2574230.4,3052020
hm_0,20,18000,0.6,366242,1,0.563282774,536047,756604,0.44,7.025479328,7.025479328,7.025479328,10,2573025.6,3662420
hm_0,20,18000,0.7,427282,1,0.563282774,536047,756604,0.44,6.021844122,6.021844122,6.021844122,10,2573025.6,4272820
stg_1,25,18000,0.1,2093600,1,0.751162208,103682,103682,0,0.237711884,0.3,3,10,6280800,20936000
stg_1,25,18000,0.2,4187200,1,0.751162208,103682,103682,0,0.118855942,0.3,3,10,12561600,41872000
stg_1,25,18000,0.3,6280801,1,0.751162208,103682,103682,0,0.079237282,0.3,3,10,18842403,62808010
stg_1,25,18000,0.4,8374401,1,0.751162208,103682,103682,0,0.059427964,0.3,3,10,25123203,83744010
stg_1,25,18000,0.5,10468002,1,0.751162208,103682,103682,0,0.047542368,0.3,3,10,31404006,104680020
stg_1,25,18000,0.6,12561602,1,0.751162208,103682,103682,0,0.039618641,0.3,3,10,37684806,125616020
stg_1,25,18000,0.7,14655202,1,0.751162208,103682,103682,0,0.033958836,0.3,3,10,43965606,146552020
wdev_0,17,18000,0.1,3360,1,0.459365592,104466,123233,0.368,149.2371429,149.2371429,149.2371429,149.2371429,501436.8,501436.8
wdev_0,17,18000,0.2,6720,1,0.619647335,91441,123233,0.368,65.315,65.315,65.315,65.315,438916.8,438916.8
wdev_0,17,18000,0.3,10080,1,0.653956327,89862,123233,0.368,42.79142857,42.79142857,42.79142857,42.79142857,431337.6,431337.6
wdev_0,17,18000,0.4,13440,1,0.666485438,89857,123233,0.368,32.09178571,32.09178571,32.09178571,32.09178571,431313.6,431313.6
wdev_0,17,18000,0.5,16800,1,0.667913627,89815,123233,0.368,25.66142857,25.66142857,25.66142857,25.66142857,431112,431112
wdev_0,17,18000,0.6,20160,1,0.673285565,89540,123233,0.368,21.31904762,21.31904762,21.31904762,21.31904762,429792,429792
wdev_0,17,18000,0.7,23520,1,0.696355684,89058,123233,0.368,18.17510204,18.17510204,18.17510204,18.17510204,427478.4,427478.4
src1_2,23,18000,0.1,52089,1,0.298363307,226507,228815,0.053,20.87261418,20.87261418,20.87261418,20.87261418,1087233.6,1087233.6
src1_2,23,18000,0.2,104178,1,0.300487293,226507,228815,0.053,10.43630709,10.43630709,10.43630709,10.43630709,1087233.6,1087233.6
src1_2,23,18000,0.3,156268,1,0.422979263,226507,228815,0.053,6.957493537,6.957493537,6.957493537,10,1087233.6,1562680
src1_2,23,18000,0.4,208357,1,0.422979263,226507,228815,0.053,5.218128501,5.218128501,5.218128501,10,1087233.6,2083570
src1_2,23,18000,0.5,260447,1,0.422979263,226507,228815,0.053,4.174490779,4.174490779,4.174490779,10,1087233.6,2604470
src1_2,23,18000,0.6,312536,1,0.422979263,226507,228815,0.053,3.478746768,3.478746768,3.478746768,10,1087233.6,3125360
src1_2,23,18000,0.7,364625,1,0.422979263,226507,228815,0.053,2.98178567,2.98178567,3,10,1093875,3646250
rsrch_0,4,18000,0.1,9377,1,0.523125356,121847,149295,0.318,62.3723579,62.3723579,62.3723579,62.3723579,584865.6,584865.6
rsrch_0,4,18000,0.2,18754,1,0.532167856,121542,149295,0.318,31.1081156,31.1081156,31.1081156,31.1081156,583401.6,583401.6
rsrch_0,4,18000,0.3,28131,1,0.625318999,108927,149295,0.318,18.58624293,18.58624293,18.58624293,18.58624293,522849.6,522849.6
rsrch_0,4,18000,0.4,37509,1,0.728276232,108915,149295,0.318,13.93777493,13.93777493,13.93777493,13.93777493,522792,522792
rsrch_0,4,18000,0.5,46886,1,0.740225728,108851,149295,0.318,11.14372734,11.14372734,11.14372734,11.14372734,522484.8,522484.8
rsrch_0,4,18000,0.6,56263,1,0.740225728,108851,149295,0.318,9.28647246,9.28647246,9.28647246,10,522484.8,562630
rsrch_0,4,18000,0.7,65641,1,0.740225728,108851,149295,0.318,7.959732484,7.959732484,7.959732484,10,522484.8,656410
ts_0,1,18000,0.1,23928,1,0.787153946,77250,77300,0.006,15.49648947,15.49648947,15.49648947,15.49648947,370800,370800
ts_0,1,18000,0.2,47857,1,0.787153946,77250,77300,0.006,7.74808283,7.74808283,7.74808283,10,370800,478570
ts_0,1,18000,0.3,71786,1,0.787153946,77250,77300,0.006,5.165352576,5.165352576,5.165352576,10,370800,717860
ts_0,1,18000,0.4,95715,1,0.787153946,77250,77300,0.006,3.87400094,3.87400094,3.87400094,10,370800,957150
ts_0,1,18000,0.5,119644,1,0.787153946,77250,77300,0.006,3.099194276,3.099194276,3.099194276,10,370800,1196440
ts_0,1,18000,0.6,143573,1,0.787153946,77250,77300,0.006,2.582658299,2.582658299,3,10,430719,1435730
ts_0,1,18000,0.7,167502,1,0.787153946,77250,77300,0.006,2.213704911,2.213704911,3,10,502506,1675020
ts_0,2,18000,0.1,23928,1,0.775173368,75045,75129,0.025,15.05416249,15.05416249,15.05416249,15.05416249,360216,360216
ts_0,2,18000,0.2,47857,1,0.775173368,75045,75129,0.025,7.526923961,7.526923961,7.526923961,10,360216,478570
ts_0,2,18000,0.3,71786,1,0.775173368,75045,75129,0.025,5.017914357,5.017914357,5.017914357,10,360216,717860
ts_0,2,18000,0.4,95715,1,0.775173368,75045,75129,0.025,3.763422661,3.763422661,3.763422661,10,360216,957150
ts_0,2,18000,0.5,119644,1,0.775173368,75045,75129,0.025,3.010731838,3.010731838,3.010731838,10,360216,1196440
ts_0,2,18000,0.6,143573,1,0.775173368,75045,75129,0.025,2.508939703,2.508939703,3,10,430719,1435730
ts_0,2,18000,0.7,167502,1,0.775173368,75045,75129,0.025,2.150517606,2.150517606,3,10,502506,1675020
ts_0,3,18000,0.1,23928,1,0.641360964,96102,116153,0.278,19.2782347,19.2782347,19.2782347,19.2782347,461289.6,461289.6
ts_0,3,18000,0.2,47857,1,0.728685441,96102,116153,0.278,9.638915937,9.638915937,9.638915937,10,461289.6,478570
ts_0,3,18000,0.3,71786,1,0.728685441,96102,116153,0.278,6.4258992,6.4258992,6.4258992,10,461289.6,717860
ts_0,3,18000,0.4,95715,1,0.728685441,96102,116153,0.278,4.819407616,4.819407616,4.819407616,10,461289.6,957150
ts_0,3,18000,0.5,119644,1,0.728685441,96102,116153,0.278,3.855518037,3.855518037,3.855518037,10,461289.6,1196440
ts_0,3,18000,0.6,143573,1,0.728685441,96102,116153,0.278,3.212927222,3.212927222,3.212927222,10,461289.6,1435730
ts_0,3,18000,0.7,167502,1,0.728685441,96102,116153,0.278,2.753934878,2.753934878,3,10,502506,1675020
ts_0,4,18000,0.1,23928,1,0.635389736,100911,142725,0.371,20.24292879,20.24292879,20.24292879,20.24292879,484372.8,484372.8
ts_0,4,18000,0.2,47857,1,0.745223332,100870,142725,0.371,10.11714065,10.11714065,10.11714065,10.11714065,484176,484176
ts_0,4,18000,0.3,71786,1,0.745223332,100870,142725,0.371,6.744713454,6.744713454,6.744713454,10,484176,717860
ts_0,4,18000,0.4,95715,1,0.745223332,100870,142725,0.371,5.058517474,5.058517474,5.058517474,10,484176,957150
ts_0,4,18000,0.5,119644,1,0.745223332,100870,142725,0.371,4.046805523,4.046805523,4.046805523,10,484176,1196440
ts_0,4,18000,0.6,143573,1,0.745223332,100870,142725,0.371,3.372333238,3.372333238,3.372333238,10,484176,1435730
ts_0,4,18000,0.7,167502,1,0.745223332,100870,142725,0.371,2.890568471,2.890568471,3,10,502506,1675020
ts_0,5,18000,0.1,23928,1,0.670908849,88221,105056,0.242,17.69729188,17.69729188,17.69729188,17.69729188,423460.8,423460.8
ts_0,5,18000,0.2,47857,1,0.735084146,88221,105056,0.242,8.84846104,8.84846104,8.84846104,10,423460.8,478570
ts_0,5,18000,0.3,71786,1,0.735084146,88221,105056,0.242,5.89893294,5.89893294,5.89893294,10,423460.8,717860
ts_0,5,18000,0.4,95715,1,0.735084146,88221,105056,0.242,4.424184297,4.424184297,4.424184297,10,423460.8,957150
ts_0,5,18000,0.5,119644,1,0.735084146,88221,105056,0.242,3.539340042,3.539340042,3.539340042,10,423460.8,1196440
ts_0,5,18000,0.6,143573,1,0.735084146,88221,105056,0.242,2.949445926,2.949445926,3,10,430719,1435730
ts_0,5,18000,0.7,167502,1,0.735084146,88221,105056,0.242,2.528093993,2.528093993,3,10,502506,1675020
ts_0,6,18000,0.1,23928,1,0.79372299,74972,74972,0,15.03951856,15.03951856,15.03951856,15.03951856,359865.6,359865.6
ts_0,6,18000,0.2,47857,1,0.79372299,74972,74972,0,7.519602148,7.519602148,7.519602148,10,359865.6,478570
ts_0,6,18000,0.3,71786,1,0.79372299,74972,74972,0,5.013033182,5.013033182,5.013033182,10,359865.6,717860
ts_0,6,18000,0.4,95715,1,0.79372299,74972,74972,0,3.759761793,3.759761793,3.759761793,10,359865.6,957150
ts_0,6,18000,0.5,119644,1,0.79372299,74972,74972,0,3.007803149,3.007803149,3.007803149,10,359865.6,1196440
ts_0,6,18000,0.6,143573,1,0.79372299,74972,74972,0,2.506499133,2.506499133,3,10,430719,1435730
ts_0,6,18000,0.7,167502,1,0.79372299,74972,74972,0,2.14842569,2.14842569,3,10,502506,1675020
ts_0,7,18000,0.1,23928,1,0.640819154,88684,115485,0.335,17.79017051,17.79017051,17.79017051,17.79017051,425683.2,425683.2
ts_0,7,18000,0.2,47857,1,0.75134433,88684,115485,0.335,8.894899388,8.894899388,8.894899388,10,425683.2,478570
ts_0,7,18000,0.3,71786,1,0.75134433,88684,115485,0.335,5.929891622,5.929891622,5.929891622,10,425683.2,717860
ts_0,7,18000,0.4,95715,1,0.75134433,88684,115485,0.335,4.447403228,4.447403228,4.447403228,10,425683.2,957150
ts_0,7,18000,0.5,119644,1,0.75134433,88684,115485,0.335,3.557915148,3.557915148,3.557915148,10,425683.2,1196440
ts_0,7,18000,0.6,143573,1,0.75134433,88684,115485,0.335,2.96492516,2.96492516,3,10,430719,1435730
ts_0,7,18000,0.7,167502,1,0.75134433,88684,115485,0.335,2.541361894,2.541361894,3,10,502506,1675020
ts_0,8,18000,0.1,23928,1,0.786418065,71654,71654,0.005,14.37392177,14.37392177,14.37392177,14.37392177,343939.2,343939.2
ts_0,8,18000,0.2,47857,1,0.786418065,71654,71654,0.005,7.186810707,7.186810707,7.186810707,10,343939.2,478570
ts_0,8,18000,0.3,71786,1,0.786418065,71654,71654,0.005,4.791173766,4.791173766,4.791173766,10,343939.2,717860
ts_0,8,18000,0.4,95715,1,0.786418065,71654,71654,0.005,3.593367811,3.593367811,3.593367811,10,343939.2,957150
ts_0,8,18000,0.5,119644,1,0.786418065,71654,71654,0.005,2.874688242,2.874688242,3,10,358932,1196440
ts_0,8,18000,0.6,143573,1,0.786418065,71654,71654,0.005,2.395570198,2.395570198,3,10,430719,1435730
ts_0,8,18000,0.7,167502,1,0.786418065,71654,71654,0.005,2.053343841,2.053343841,3,10,502506,1675020
ts_0,9,18000,0.1,23928,1,0.746846245,80002,80856,0.035,16.04854564,16.04854564,16.04854564,16.04854564,384009.6,384009.6
ts_0,9,18000,0.2,47857,1,0.746846245,80002,80856,0.035,8.024105147,8.024105147,8.024105147,10,384009.6,478570
ts_0,9,18000,0.3,71786,1,0.746846245,80002,80856,0.035,5.349366172,5.349366172,5.349366172,10,384009.6,717860
ts_0,9,18000,0.4,95715,1,0.746846245,80002,80856,0.035,4.012010657,4.012010657,4.012010657,10,384009.6,957150
ts_0,9,18000,0.5,119644,1,0.746846245,80002,80856,0.035,3.209601819,3.209601819,3.209601819,10,384009.6,1196440
ts_0,9,18000,0.6,143573,1,0.746846245,80002,80856,0.035,2.674664456,2.674664456,3,10,430719,1435730
ts_0,9,18000,0.7,167502,1,0.746846245,80002,80856,0.035,2.292567253,2.292567253,3,10,502506,1675020
ts_0,10,18000,0.1,23928,1,0.697933699,110759,111310,0.062,22.21845537,22.21845537,22.21845537,22.21845537,531643.2,531643.2
ts_0,10,18000,0.2,47857,1,0.761458988,110759,111310,0.062,11.10899555,11.10899555,11.10899555,11.10899555,531643.2,531643.2
ts_0,10,18000,0.3,71786,1,0.761458988,110759,111310,0.062,7.405945449,7.405945449,7.405945449,10,531643.2,717860
ts_0,10,18000,0.4,95715,1,0.761458988,110759,111310,0.062,5.554439743,5.554439743,5.554439743,10,531643.2,957150
ts_0,10,18000,0.5,119644,1,0.761458988,110759,111310,0.062,4.443542509,4.443542509,4.443542509,10,531643.2,1196440
ts_0,10,18000,0.6,143573,1,0.761458988,110759,111310,0.062,3.702946933,3.702946933,3.702946933,10,531643.2,1435730
ts_0,10,18000,0.7,167502,1,0.761458988,110759,111310,0.062,3.173951356,3.173951356,3.173951356,10,531643.2,1675020
ts_0,11,18000,0.1,23928,1,0.654921774,86764,106486,0.291,17.40501505,17.40501505,17.40501505,17.40501505,416467.2,416467.2
ts_0,11,18000,0.2,47857,1,0.747713314,86763,106486,0.291,8.70222538,8.70222538,8.70222538,10,416462.4,478570
ts_0,11,18000,0.3,71786,1,0.747713314,86763,106486,0.291,5.801443178,5.801443178,5.801443178,10,416462.4,717860
ts_0,11,18000,0.4,95715,1,0.747713314,86763,106486,0.291,4.351067231,4.351067231,4.351067231,10,416462.4,957150
ts_0,11,18000,0.5,119644,1,0.747713314,86763,106486,0.291,3.480846511,3.480846511,3.480846511,10,416462.4,1196440
ts_0,11,18000,0.6,143573,1,0.747713314,86763,106486,0.291,2.900701385,2.900701385,3,10,430719,1435730
ts_0,11,18000,0.7,167502,1,0.747713314,86763,106486,0.291,2.486312999,2.486312999,3,10,502506,1675020
ts_0,12,18000,0.1,23928,1,0.603865817,93520,93693,0.081,18.76028084,18.76028084,18.76028084,18.76028084,448896,448896
ts_0,12,18000,0.2,47857,1,0.66302712,93520,93693,0.081,9.379944418,9.379944418,9.379944418,10,448896,478570
ts_0,12,18000,0.3,71786,1,0.66302712,93520,93693,0.081,6.253252723,6.253252723,6.253252723,10,448896,717860
ts_0,12,18000,0.4,95715,1,0.66302712,93520,93693,0.081,4.68992321,4.68992321,4.68992321,10,448896,957150
ts_0,12,18000,0.5,119644,1,0.66302712,93520,93693,0.081,3.751930728,3.751930728,3.751930728,10,448896,1196440
ts_0,12,18000,0.6,143573,1,0.66302712,93520,93693,0.081,3.126604584,3.126604584,3.126604584,10,448896,1435730
ts_0,12,18000,0.7,167502,1,0.66302712,93520,93693,0.081,2.67994412,2.67994412,3,10,502506,1675020
ts_0,13,18000,0.1,23928,1,0.793167093,77092,77478,0.01,15.46479438,15.46479438,15.46479438,15.46479438,370041.6,370041.6
ts_0,13,18000,0.2,47857,1,0.793167093,77092,77478,0.01,7.732235619,7.732235619,7.732235619,10,370041.6,478570
ts_0,13,18000,0.3,71786,1,0.793167093,77092,77478,0.01,5.154787842,5.154787842,5.154787842,10,370041.6,717860
ts_0,13,18000,0.4,95715,1,0.793167093,77092,77478,0.01,3.866077417,3.866077417,3.866077417,10,370041.6,957150
ts_0,13,18000,0.5,119644,1,0.793167093,77092,77478,0.01,3.092855471,3.092855471,3.092855471,10,370041.6,1196440
ts_0,13,18000,0.6,143573,1,0.793167093,77092,77478,0.01,2.577375969,2.577375969,3,10,430719,1435730
ts_0,13,18000,0.7,167502,1,0.793167093,77092,77478,0.01,2.209177204,2.209177204,3,10,502506,1675020
ts_0,14,18000,0.1,23928,1,0.638054872,94859,126696,0.331,19.02888666,19.02888666,19.02888666,19.02888666,455323.2,455323.2
ts_0,14,18000,0.2,47857,1,0.74194134,94859,126696,0.331,9.51424452,9.51424452,9.51424452,10,455323.2,478570
ts_0,14,18000,0.3,71786,1,0.74194134,94859,126696,0.331,6.342785501,6.342785501,6.342785501,10,455323.2,717860
ts_0,14,18000,0.4,95715,1,0.74194134,94859,126696,0.331,4.757072559,4.757072559,4.757072559,10,455323.2,957150
ts_0,14,18000,0.5,119644,1,0.74194134,94859,126696,0.331,3.805650095,3.805650095,3.805650095,10,455323.2,1196440
ts_0,14,18000,0.6,143573,1,0.74194134,94859,126696,0.331,3.171370662,3.171370662,3.171370662,10,455323.2,1435730
ts_0,14,18000,0.7,167502,1,0.74194134,94859,126696,0.331,2.718315005,2.718315005,3,10,502506,1675020
ts_0,15,18000,0.1,23928,1,0.730458927,99796,141177,0.393,20.01925777,20.01925777,20.01925777,20.01925777,479020.8,479020.8
ts_0,15,18000,0.2,47857,1,0.73676307,99796,141177,0.393,10.00941973,10.00941973,10.00941973,10.00941973,479020.8,479020.8
ts_0,15,18000,0.3,71786,1,0.73676307,99796,141177,0.393,6.672900008,6.672900008,6.672900008,10,479020.8,717860
ts_0,15,18000,0.4,95715,1,0.73676307,99796,141177,0.393,5.004657577,5.004657577,5.004657577,10,479020.8,957150
ts_0,15,18000,0.5,119644,1,0.73676307,99796,141177,0.393,4.003717696,4.003717696,4.003717696,10,479020.8,1196440
ts_0,15,18000,0.6,143573,1,0.73676307,99796,141177,0.393,3.336426765,3.336426765,3.336426765,10,479020.8,1435730
ts_0,15,18000,0.7,167502,1,0.73676307,99796,141177,0.393,2.859791525,2.859791525,3,10,502506,1675020
ts_0,16,18000,0.1,23928,1,0.793431883,72654,72654,0.001,14.57452357,14.57452357,14.57452357,14.57452357,348739.2,348739.2
ts_0,16,18000,0.2,47857,1,0.793431883,72654,72654,0.001,7.287109514,7.287109514,7.287109514,10,348739.2,478570
ts_0,16,18000,0.3,71786,1,0.793431883,72654,72654,0.001,4.858039172,4.858039172,4.858039172,10,348739.2,717860
ts_0,16,18000,0.4,95715,1,0.793431883,72654,72654,0.001,3.64351669,3.64351669,3.64351669,10,348739.2,957150
ts_0,16,18000,0.5,119644,1,0.793431883,72654,72654,0.001,2.914807262,2.914807262,3,10,358932,1196440
ts_0,16,18000,0.6,143573,1,0.793431883,72654,72654,0.001,2.429002668,2.429002668,3,10,430719,1435730
ts_0,16,18000,0.7,167502,1,0.793431883,72654,72654,0.001,2.082000215,2.082000215,3,10,502506,1675020
ts_0,17,18000,0.1,23928,1,0.792117981,75965,76351,0.009,15.23871615,15.23871615,15.23871615,15.23871615,364632,364632
ts_0,17,18000,0.2,47857,1,0.792117981,75965,76351,0.009,7.619198863,7.619198863,7.619198863,10,364632,478570
ts_0,17,18000,0.3,71786,1,0.792117981,75965,76351,0.009,5.07943053,5.07943053,5.07943053,10,364632,717860
ts_0,17,18000,0.4,95715,1,0.792117981,75965,76351,0.009,3.80955963,3.80955963,3.80955963,10,364632,957150
ts_0,17,18000,0.5,119644,1,0.792117981,75965,76351,0.009,3.047641336,3.047641336,3.047641336,10,364632,1196440
ts_0,17,18000,0.6,143573,1,0.792117981,75965,76351,0.009,2.539697575,2.539697575,3,10,430719,1435730
ts_0,17,18000,0.7,167502,1,0.792117981,75965,76351,0.009,2.17688147,2.17688147,3,10,502506,1675020
ts_0,18,18000,0.1,23928,1,0.660195241,106608,163900,0.428,21.38575727,21.38575727,21.38575727,21.38575727,511718.4,511718.4
ts_0,18,18000,0.2,47857,1,0.753416718,106608,163900,0.428,10.6926552,10.6926552,10.6926552,10.6926552,511718.4,511718.4
ts_0,18,18000,0.3,71786,1,0.753416718,106608,163900,0.428,7.128387151,7.128387151,7.128387151,10,511718.4,717860
ts_0,18,18000,0.4,95715,1,0.753416718,106608,163900,0.428,5.346271744,5.346271744,5.346271744,10,511718.4,957150
ts_0,18,18000,0.5,119644,1,0.753416718,106608,163900,0.428,4.277008458,4.277008458,4.277008458,10,511718.4,1196440
ts_0,18,18000,0.6,143573,1,0.753416718,106608,163900,0.428,3.56416875,3.56416875,3.56416875,10,511718.4,1435730
ts_0,18,18000,0.7,167502,1,0.753416718,106608,163900,0.428,3.054998746,3.054998746,3.054998746,10,511718.4,1675020
ts_0,19,18000,0.1,23928,1,0.586769701,100069,116596,0.239,20.07402207,20.07402207,20.07402207,20.07402207,480331.2,480331.2
ts_0,19,18000,0.2,47857,1,0.698703215,100069,116596,0.239,10.0368013,10.0368013,10.0368013,10.0368013,480331.2,480331.2
ts_0,19,18000,0.3,71786,1,0.698703215,100069,116596,0.239,6.691154264,6.691154264,6.691154264,10,480331.2,717860
ts_0,19,18000,0.4,95715,1,0.698703215,100069,116596,0.239,5.018348221,5.018348221,5.018348221,10,480331.2,957150
ts_0,19,18000,0.5,119644,1,0.698703215,100069,116596,0.239,4.014670188,4.014670188,4.014670188,10,480331.2,1196440
ts_0,19,18000,0.6,143573,1,0.698703215,100069,116596,0.239,3.34555383,3.34555383,3.34555383,10,480331.2,1435730
ts_0,19,18000,0.7,167502,1,0.698703215,100069,116596,0.239,2.867614715,2.867614715,3,10,502506,1675020
hm_0,1,18000,0.1,61040,1,0.49366376,218288,229158,0.27,17.16550459,17.16550459,17.16550459,17.16550459,1047782.4,1047782.4
hm_0,1,18000,0.2,122080,1,0.573141675,217366,229158,0.27,8.546500655,8.546500655,8.546500655,10,1043356.8,1220800
hm_0,1,18000,0.3,183121,1,0.573141675,217366,229158,0.27,5.697635989,5.697635989,5.697635989,10,1043356.8,1831210
hm_0,1,18000,0.4,244161,1,0.573141675,217366,229158,0.27,4.273232826,4.273232826,4.273232826,10,1043356.8,2441610
hm_0,1,18000,0.5,305202,1,0.573141675,217366,229158,0.27,3.41857786,3.41857786,3.41857786,10,1043356.8,3052020
hm_0,1,18000,0.6,366242,1,0.573141675,217366,229158,0.27,2.848817995,2.848817995,3,10,1098726,3662420
hm_0,1,18000,0.7,427282,1,0.573141675,217366,229158,0.27,2.4418459,2.4418459,3,10,1281846,4272820
hm_0,2,18000,0.1,61040,1,0.571433494,186563,203161,0.212,14.67074705,14.67074705,14.67074705,14.67074705,895502.4,895502.4
hm_0,2,18000,0.2,122080,1,0.613582331,183714,203161,0.212,7.223355177,7.223355177,7.223355177,10,881827.2,1220800
hm_0,2,18000,0.3,183121,1,0.613582331,183714,203161,0.212,4.815543821,4.815543821,4.815543821,10,881827.2,1831210
hm_0,2,18000,0.4,244161,1,0.613582331,183714,203161,0.212,3.611662796,3.611662796,3.611662796,10,881827.2,2441610
hm_0,2,18000,0.5,305202,1,0.613582331,183714,203161,0.212,2.889323137,2.889323137,3,10,915606,3052020
hm_0,2,18000,0.6,366242,1,0.613582331,183714,203161,0.212,2.40777191,2.40777191,3,10,1098726,3662420
hm_0,2,18000,0.7,427282,1,0.613582331,183714,203161,0.212,2.063806105,2.063806105,3,10,1281846,4272820
hm_0,3,18000,0.1,61040,1,0.785458771,115487,120485,0.077,9.081546527,9.081546527,9.081546527,10,554337.6,610400
hm_0,3,18000,0.2,122080,1,0.785458771,115487,120485,0.077,4.540773263,4.540773263,4.540773263,10,554337.6,1220800
hm_0,3,18000,0.3,183121,1,0.785458771,115487,120485,0.077,3.027165645,3.027165645,3.027165645,10,554337.6,1831210
hm_0,3,18000,0.4,244161,1,0.785458771,115487,120485,0.077,2.270377333,2.270377333,3,10,732483,2441610
hm_0,3,18000,0.5,305202,1,0.785458771,115487,120485,0.077,1.816297403,1.816297403,3,10,915606,3052020
hm_0,3,18000,0.6,366242,1,0.785458771,115487,120485,0.077,1.513582822,1.513582822,3,10,1098726,3662420
hm_0,3,18000,0.7,427282,1,0.785458771,115487,120485,0.077,1.297357717,1.297357717,3,10,1281846,4272820
hm_0,4,18000,0.1,61040,1,0.740735399,161520,214958,0.377,12.70144168,12.70144168,12.70144168,12.70144168,775296,775296
hm_0,4,18000,0.2,122080,1,0.740735399,161520,214958,0.377,6.350720839,6.350720839,6.350720839,10,775296,1220800
hm_0,4,18000,0.3,183121,1,0.740735399,161520,214958,0.377,4.233790772,4.233790772,4.233790772,10,775296,1831210
hm_0,4,18000,0.4,244161,1,0.740735399,161520,214958,0.377,3.175347414,3.175347414,3.175347414,10,775296,2441610
hm_0,4,18000,0.5,305202,1,0.740735399,161520,214958,0.377,2.540271689,2.540271689,3,10,915606,3052020
hm_0,4,18000,0.6,366242,1,0.740735399,161520,214958,0.377,2.116895386,2.116895386,3,10,1098726,3662420
hm_0,4,18000,0.7,427282,1,0.740735399,161520,214958,0.377,1.814483175,1.814483175,3,10,1281846,4272820
hm_0,5,18000,0.1,61040,1,0.701029717,156315,195879,0.328,12.2921363,12.2921363,12.2921363,12.2921363,750312,750312
hm_0,5,18000,0.2,122080,1,0.701029717,156315,195879,0.328,6.146068152,6.146068152,6.146068152,10,750312,1220800
hm_0,5,18000,0.3,183121,1,0.701029717,156315,195879,0.328,4.097356393,4.097356393,4.097356393,10,750312,1831210
hm_0,5,18000,0.4,244161,1,0.701029717,156315,195879,0.328,3.07302149,3.07302149,3.07302149,10,750312,2441610
hm_0,5,18000,0.5,305202,1,0.701029717,156315,195879,0.328,2.458411151,2.458411151,3,10,915606,3052020
hm_0,5,18000,0.6,366242,1,0.701029717,156315,195879,0.328,2.048678196,2.048678196,3,10,1098726,3662420
hm_0,5,18000,0.7,427282,1,0.701029717,156315,195879,0.328,1.756011253,1.756011253,3,10,1281846,4272820
hm_0,6,18000,0.1,61040,1,0.400071982,238143,252842,0.319,18.72684142,18.72684142,18.72684142,18.72684142,1143086.4,1143086.4
hm_0,6,18000,0.2,122080,1,0.496745003,233565,252842,0.319,9.183420708,9.183420708,9.183420708,10,1121112,1220800
hm_0,6,18000,0.3,183121,1,0.496784553,233555,252842,0.319,6.121984917,6.121984917,6.121984917,10,1121064,1831210
hm_0,6,18000,0.4,244161,1,0.496784553,233555,252842,0.319,4.591494956,4.591494956,4.591494956,10,1121064,2441610
hm_0,6,18000,0.5,305202,1,0.496784553,233555,252842,0.319,3.673186938,3.673186938,3.673186938,10,1121064,3052020
hm_0,6,18000,0.6,366242,1,0.496784553,233555,252842,0.319,3.060992459,3.060992459,3.060992459,10,1121064,3662420
hm_0,6,18000,0.7,427282,1,0.496784553,233555,252842,0.319,2.623709868,2.623709868,3,10,1281846,4272820
hm_0,7,18000,0.1,61040,1,0.735194107,138525,146749,0.157,10.8931848,10.8931848,10.8931848,10.8931848,664920,664920
hm_0,7,18000,0.2,122080,1,0.735194107,138525,146749,0.157,5.446592398,5.446592398,5.446592398,10,664920,1220800
hm_0,7,18000,0.3,183121,1,0.735194107,138525,146749,0.157,3.63104177,3.63104177,3.63104177,10,664920,1831210
hm_0,7,18000,0.4,244161,1,0.735194107,138525,146749,0.157,2.723285046,2.723285046,3,10,732483,2441610
hm_0,7,18000,0.5,305202,1,0.735194107,138525,146749,0.157,2.178622683,2.178622683,3,10,915606,3052020
hm_0,7,18000,0.6,366242,1,0.735194107,138525,146749,0.157,1.815520885,1.815520885,3,10,1098726,3662420
hm_0,7,18000,0.7,427282,1,0.735194107,138525,146749,0.157,1.556161973,1.556161973,3,10,1281846,4272820
hm_0,8,18000,0.1,61040,1,0.753203904,191754,251256,0.391,15.07895151,15.07895151,15.07895151,15.07895151,920419.2,920419.2
hm_0,8,18000,0.2,122080,1,0.753207884,191754,251256,0.391,7.539475754,7.539475754,7.539475754,10,920419.2,1220800
hm_0,8,18000,0.3,183121,1,0.753207884,191754,251256,0.391,5.026289721,5.026289721,5.026289721,10,920419.2,1831210
hm_0,8,18000,0.4,244161,1,0.753207884,191754,251256,0.391,3.769722437,3.769722437,3.769722437,10,920419.2,2441610
hm_0,8,18000,0.5,305202,1,0.753207884,191754,251256,0.391,3.015770539,3.015770539,3.015770539,10,920419.2,3052020
hm_0,8,18000,0.6,366242,1,0.753207884,191754,251256,0.391,2.513144861,2.513144861,3,10,1098726,3662420
hm_0,8,18000,0.7,427282,1,0.753207884,191754,251256,0.391,2.154125847,2.154125847,3,10,1281846,4272820
hm_0,9,18000,0.1,61040,1,0.524319368,184802,199594,0.137,14.53226737,14.53226737,14.53226737,14.53226737,887049.6,887049.6
hm_0,9,18000,0.2,122080,1,0.602277624,184225,199594,0.137,7.24344692,7.24344692,7.24344692,10,884280,1220800
hm_0,9,18000,0.3,183121,1,0.602277624,184225,199594,0.137,4.828938243,4.828938243,4.828938243,10,884280,1831210
hm_0,9,18000,0.4,244161,1,0.602277624,184225,199594,0.137,3.621708627,3.621708627,3.621708627,10,884280,2441610
hm_0,9,18000,0.5,305202,1,0.602277624,184225,199594,0.137,2.897359781,2.897359781,3,10,915606,3052020
hm_0,9,18000,0.6,366242,1,0.602277624,184225,199594,0.137,2.414469122,2.414469122,3,10,1098726,3662420
hm_0,9,18000,0.7,427282,1,0.602277624,184225,199594,0.137,2.069546576,2.069546576,3,10,1281846,4272820
hm_0,10,18000,0.1,61040,1,0.753470758,119737,125693,0.124,9.415753604,9.415753604,9.415753604,10,574737.6,610400
hm_0,10,18000,0.2,122080,1,0.753470758,119737,125693,0.124,4.707876802,4.707876802,4.707876802,10,574737.6,1220800
hm_0,10,18000,0.3,183121,1,0.753470758,119737,125693,0.124,3.138567395,3.138567395,3.138567395,10,574737.6,1831210
hm_0,10,18000,0.4,244161,1,0.753470758,119737,125693,0.124,2.35392876,2.35392876,3,10,732483,2441610
hm_0,10,18000,0.5,305202,1,0.753470758,119737,125693,0.124,1.88313838,1.88313838,3,10,915606,3052020
hm_0,10,18000,0.6,366242,1,0.753470758,119737,125693,0.124,1.569283698,1.569283698,3,10,1098726,3662420
hm_0,10,18000,0.7,427282,1,0.753470758,119737,125693,0.124,1.345101362,1.345101362,3,10,1281846,4272820
hm_0,11,18000,0.1,61040,1,0.509252424,193805,204541,0.274,15.24023591,15.24023591,15.24023591,15.24023591,930264,930264
hm_0,11,18000,0.2,122080,1,0.534768091,193769,204541,0.274,7.61870249,7.61870249,7.61870249,10,930091.2,1220800
hm_0,11,18000,0.3,183121,1,0.534768091,193769,204541,0.274,5.079107257,5.079107257,5.079107257,10,930091.2,1831210
hm_0,11,18000,0.4,244161,1,0.534768091,193769,204541,0.274,3.809335643,3.809335643,3.809335643,10,930091.2,2441610
hm_0,11,18000,0.5,305202,1,0.534768091,193769,204541,0.274,3.047461026,3.047461026,3.047461026,10,930091.2,3052020
hm_0,11,18000,0.6,366242,1,0.534768091,193769,204541,0.274,2.539553628,2.539553628,3,10,1098726,3662420
hm_0,11,18000,0.7,427282,1,0.534768091,193769,204541,0.274,2.176761951,2.176761951,3,10,1281846,4272820
hm_0,12,18000,0.1,61040,1,0.742819404,164370,208200,0.341,12.92555701,12.92555701,12.92555701,12.92555701,788976,788976
hm_0,12,18000,0.2,122080,1,0.742819404,164370,208200,0.341,6.462778506,6.462778506,6.462778506,10,788976,1220800
hm_0,12,18000,0.3,183121,1,0.742819404,164370,208200,0.341,4.308495476,4.308495476,4.308495476,10,788976,1831210
hm_0,12,18000,0.4,244161,1,0.742819404,164370,208200,0.341,3.231376018,3.231376018,3.231376018,10,788976,2441610
hm_0,12,18000,0.5,305202,1,0.742819404,164370,208200,0.341,2.585094462,2.585094462,3,10,915606,3052020
hm_0,12,18000,0.6,366242,1,0.742819404,164370,208200,0.341,2.154247738,2.154247738,3,10,1098726,3662420
hm_0,12,18000,0.7,427282,1,0.742819404,164370,208200,0.341,1.846499502,1.846499502,3,10,1281846,4272820
hm_0,13,18000,0.1,61040,1,0.820261438,126347,144432,0.147,9.935543906,9.935543906,9.935543906,10,,
hm_0,13,18000,0.2,122080,1,0.820261438,126347,144432,0.147,4.967771953,4.967771953,4.967771953,10,,
hm_0,13,18000,0.3,183121,1,0.820261438,126347,144432,0.147,3.311829883,3.311829883,3.311829883,10,,
hm_0,13,18000,0.4,244161,1,0.820261438,126347,144432,0.147,2.483875803,2.483875803,3,10,,
hm_0,13,18000,0.5,305202,1,0.820261438,126347,144432,0.147,1.98709576,1.98709576,3,10,,
hm_0,13,18000,0.6,366242,1,0.820261438,126347,144432,0.147,1.655914941,1.655914941,3,10,,
hm_0,13,18000,0.7,427282,1,0.820261438,126347,144432,0.147,1.419356771,1.419356771,3,10,,
hm_0,14,18000,0.1,61040,1,0.632222931,237180,319884,0.353,18.65111402,18.65111402,18.65111402,18.65111402,,
hm_0,14,18000,0.2,122080,1,0.701363619,231560,319884,0.353,9.104587156,9.104587156,9.104587156,10,,
hm_0,14,18000,0.3,183121,1,0.701363619,231560,319884,0.353,6.069691625,6.069691625,6.069691625,10,,
hm_0,14,18000,0.4,244161,1,0.701363619,231560,319884,0.353,4.552274933,4.552274933,4.552274933,10,,
hm_0,14,18000,0.5,305202,1,0.701363619,231560,319884,0.353,3.641810997,3.641810997,3.641810997,10,,
hm_0,14,18000,0.6,366242,1,0.701363619,231560,319884,0.353,3.034845812,3.034845812,3.034845812,10,,
hm_0,14,18000,0.7,427282,1,0.701363619,231560,319884,0.353,2.60129844,2.60129844,3,10,,
hm_0,15,18000,0.1,61040,1,0.575691482,178219,185688,0.245,14.01460026,14.01460026,14.01460026,14.01460026,,
hm_0,15,18000,0.2,122080,1,0.584539658,178178,185688,0.245,7.005688073,7.005688073,7.005688073,10,,
hm_0,15,18000,0.3,183121,1,0.584539658,178178,185688,0.245,4.670433211,4.670433211,4.670433211,10,,
hm_0,15,18000,0.4,244161,1,0.584539658,178178,185688,0.245,3.50282969,3.50282969,3.50282969,10,,
hm_0,15,18000,0.5,305202,1,0.584539658,178178,185688,0.245,2.802256866,2.802256866,3,10,,
hm_0,15,18000,0.6,366242,1,0.584539658,178178,185688,0.245,2.335216605,2.335216605,3,10,,
hm_0,15,18000,0.7,427282,1,0.584539658,178178,185688,0.245,2.001615795,2.001615795,3,10,,
hm_0,16,18000,0.1,61040,1,0.524369512,184760,213525,0.353,14.52896461,14.52896461,14.52896461,14.52896461,886848,1
hm_0,16,18000,0.2,122080,1,0.593148343,179689,213525,0.353,7.065098296,7.065098296,7.065098296,10,862507.2,0.972553583
hm_0,16,18000,0.3,183121,1,0.593148343,179689,213525,0.353,4.71003981,4.71003981,4.71003981,10,862507.2,0.972553583
hm_0,16,18000,0.4,244161,1,0.593148343,179689,213525,0.353,3.53253468,3.53253468,3.53253468,10,862507.2,0.972553583
hm_0,16,18000,0.5,305202,1,0.593148343,179689,213525,0.353,2.826020799,2.826020799,3,10,915606,1.032427203
hm_0,16,18000,0.6,366242,1,0.593148343,179689,213525,0.353,2.355019905,2.355019905,3,10,1098726,1.23891129
hm_0,16,18000,0.7,427282,1,0.593148343,179689,213525,0.353,2.018590065,2.018590065,3,10,1281846,1.445395378
hm_0,17,18000,0.1,61040,1,0.724346934,152113,166637,0.206,11.9617038,11.9617038,11.9617038,11.9617038,,
hm_0,17,18000,0.2,122080,1,0.724346934,152113,166637,0.206,5.9808519,5.9808519,5.9808519,10,,
hm_0,17,18000,0.3,183121,1,0.724346934,152113,166637,0.206,3.987212826,3.987212826,3.987212826,10,,
hm_0,17,18000,0.4,244161,1,0.724346934,152113,166637,0.206,2.990413702,2.990413702,3,10,,
hm_0,17,18000,0.5,305202,1,0.724346934,152113,166637,0.206,2.392325083,2.392325083,3,10,,
hm_0,17,18000,0.6,366242,1,0.724346934,152113,166637,0.206,1.993606413,1.993606413,3,10,,
hm_0,17,18000,0.7,427282,1,0.724346934,152113,166637,0.206,1.70880683,1.70880683,3,10,,
hm_0,18,18000,0.1,61040,1,0.399432147,904323,1065768,0.441,71.11321101,71.11321101,71.11321101,71.11321101,,4340750.4
hm_0,18,18000,0.2,122080,1,0.493245247,843177,1065768,0.441,33.15243775,33.15243775,33.15243775,33.15243775,,4047249.6
hm_0,18,18000,0.3,183121,1,0.553519152,805996,1065768,0.441,21.12690953,21.12690953,21.12690953,21.12690953,,3868780.8
hm_0,18,18000,0.4,244161,1,0.604056418,778783,1065768,0.441,15.31021908,15.31021908,15.31021908,15.31021908,,3738158.4
hm_0,18,18000,0.5,305202,1,0.632472546,767247,1065768,0.441,12.06671516,12.06671516,12.06671516,12.06671516,,3682785.6
hm_0,18,18000,0.6,366242,1,0.641026002,760803,1065768,0.441,9.971151315,9.971151315,9.971151315,10,,3662420
hm_0,18,18000,0.7,427282,1,0.642348992,760067,1065768,0.441,8.538439719,8.538439719,8.538439719,10,,4272820
hm_0,19,18000,0.1,61040,1,0.461051282,429871,519632,0.386,33.80374836,33.80374836,33.80374836,33.80374836,,2063380.8
hm_0,19,18000,0.2,122080,1,0.531018105,406461,519632,0.386,15.98142857,15.98142857,15.98142857,15.98142857,,1951012.8
hm_0,19,18000,0.3,183121,1,0.583643809,400066,519632,0.386,10.48660066,10.48660066,10.48660066,10.48660066,,1920316.8
hm_0,19,18000,0.4,244161,1,0.587384919,399535,519632,0.386,7.854522221,7.854522221,7.854522221,10,,2441610
hm_0,19,18000,0.5,305202,1,0.587384919,399535,519632,0.386,6.283602336,6.283602336,6.283602336,10,,3052020
hm_0,19,18000,0.6,366242,1,0.587384919,399535,519632,0.386,5.236340999,5.236340999,5.236340999,10,,3662420
hm_0,19,18000,0.7,427282,1,0.587384919,399535,519632,0.386,4.488295786,4.488295786,4.488295786,10,,4272820
src1_2,1,18000,0.1,52089,1,0.837493116,4546957,4583092,0.012,419.0019697,419.0019697,419.0019697,419.0019697,,21825393.6
src1_2,1,18000,0.2,104178,1,0.974372105,4537388,4583092,0.012,209.0600933,209.0600933,209.0600933,209.0600933,,21779462.4
src1_2,1,18000,0.3,156268,1,0.974667975,4536849,4583092,0.012,139.3559475,139.3559475,139.3559475,139.3559475,,21776875.2
src1_2,1,18000,0.4,208357,1,0.974667975,4536849,4583092,0.012,104.5171278,104.5171278,104.5171278,104.5171278,,21776875.2
src1_2,1,18000,0.5,260447,1,0.974667975,4536849,4583092,0.012,83.61346147,83.61346147,83.61346147,83.61346147,,21776875.2
src1_2,1,18000,0.6,312536,1,0.974667975,4536849,4583092,0.012,69.67797374,69.67797374,69.67797374,69.67797374,,21776875.2
src1_2,1,18000,0.7,364625,1,0.974667975,4536849,4583092,0.012,59.72403209,59.72403209,59.72403209,59.72403209,,21776875.2
src1_2,2,18000,0.1,52089,1,0.515707926,56544,63121,0.371,5.210528135,5.210528135,5.210528135,10,,520890
src1_2,2,18000,0.2,104178,1,0.515707926,56544,63121,0.371,2.605264067,2.605264067,3,10,,1041780
src1_2,2,18000,0.3,156268,1,0.515707926,56544,63121,0.371,1.736831597,1.736831597,3,10,,1562680
src1_2,2,18000,0.4,208357,1,0.515707926,56544,63121,0.371,1.302625782,1.302625782,3,10,,2083570
src1_2,2,18000,0.5,260447,1,0.515707926,56544,63121,0.371,1.042097624,1.042097624,3,10,,2604470
src1_2,2,18000,0.6,312536,1,0.515707926,56544,63121,0.371,0.868415799,0.868415799,3,10,,3125360
src1_2,2,18000,0.7,364625,1,0.515707926,56544,63121,0.371,0.744357079,0.744357079,3,10,,3646250
src1_2,3,18000,0.1,52089,1,0.589508155,101111,110543,0.28,9.317376029,9.317376029,9.317376029,10,,520890
src1_2,3,18000,0.2,104178,1,0.589508155,101111,110543,0.28,4.658688015,4.658688015,4.658688015,10,,1041780
src1_2,3,18000,0.3,156268,1,0.589508155,101111,110543,0.28,3.105772135,3.105772135,3.105772135,10,,1562680
src1_2,3,18000,0.4,208357,1,0.589508155,101111,110543,0.28,2.329332828,2.329332828,3,10,,2083570
src1_2,3,18000,0.5,260447,1,0.589508155,101111,110543,0.28,1.863460896,1.863460896,3,10,,2604470
src1_2,3,18000,0.6,312536,1,0.589508155,101111,110543,0.28,1.552886068,1.552886068,3,10,,3125360
src1_2,3,18000,0.7,364625,1,0.589508155,101111,110543,0.28,1.331046418,1.331046418,3,10,,3646250
src1_2,4,18000,0.1,52089,1,0.451384949,80277,81086,0.029,7.397523469,7.397523469,7.397523469,10,,520890
src1_2,4,18000,0.2,104178,1,0.451384949,80277,81086,0.029,3.698761735,3.698761735,3.698761735,10,,1041780
src1_2,4,18000,0.3,156268,1,0.451384949,80277,81086,0.029,2.465825377,2.465825377,3,10,,1562680
src1_2,4,18000,0.4,208357,1,0.451384949,80277,81086,0.029,1.849371991,1.849371991,3,10,,2083570
src1_2,4,18000,0.5,260447,1,0.451384949,80277,81086,0.029,1.479493333,1.479493333,3,10,,2604470
src1_2,4,18000,0.6,312536,1,0.451384949,80277,81086,0.029,1.232912688,1.232912688,3,10,,3125360
src1_2,4,18000,0.7,364625,1,0.451384949,80277,81086,0.029,1.05678327,1.05678327,3,10,,3646250
src1_2,5,18000,0.1,52089,1,0.139239894,292614,310141,0.834,26.96437252,26.96437252,26.96437252,26.96437252,,1404547.2
src1_2,5,18000,0.2,104178,1,0.140632809,292241,310141,0.834,13.46500029,13.46500029,13.46500029,13.46500029,,1402756.8
src1_2,5,18000,0.3,156268,1,0.142286895,291756,310141,0.834,8.961711931,8.961711931,8.961711931,10,,1562680
src1_2,5,18000,0.4,208357,1,0.143157467,291543,310141,0.834,6.716387738,6.716387738,6.716387738,10,,2083570
src1_2,5,18000,0.5,260447,1,0.149502968,291285,310141,0.834,5.368339816,5.368339816,5.368339816,10,,2604470
src1_2,5,18000,0.6,312536,1,0.149583577,291285,310141,0.834,4.473622239,4.473622239,4.473622239,10,,3125360
src1_2,5,18000,0.7,364625,1,0.149583577,291285,310141,0.834,3.834536853,3.834536853,3.834536853,10,,3646250
src1_2,6,18000,0.1,52089,1,0.892716215,3406154,3443251,0.017,313.8770028,313.8770028,313.8770028,313.8770028,,16349539.2
src1_2,6,18000,0.2,104178,1,0.958020487,3399575,3443251,0.017,156.6353741,156.6353741,156.6353741,156.6353741,,16317960
src1_2,6,18000,0.3,156268,1,0.95902477,3397568,3443251,0.017,104.3612665,104.3612665,104.3612665,104.3612665,,16308326.4
src1_2,6,18000,0.4,208357,1,0.95902477,3397568,3443251,0.017,78.27107513,78.27107513,78.27107513,78.27107513,,16308326.4
src1_2,6,18000,0.5,260447,1,0.95902477,3397568,3443251,0.017,62.61667979,62.61667979,62.61667979,62.61667979,,16308326.4
src1_2,6,18000,0.6,312536,1,0.95902477,3397568,3443251,0.017,52.18063327,52.18063327,52.18063327,52.18063327,,16308326.4
src1_2,6,18000,0.7,364625,1,0.95902477,3397568,3443251,0.017,44.72629798,44.72629798,44.72629798,44.72629798,,16308326.4
src1_2,7,18000,0.1,52089,1,0.533395833,51883,56534,0.345,4.781017105,4.781017105,4.781017105,10,,520890
src1_2,7,18000,0.2,104178,1,0.533395833,51883,56534,0.345,2.390508553,2.390508553,3,10,,1041780
src1_2,7,18000,0.3,156268,1,0.533395833,51883,56534,0.345,1.59366217,1.59366217,3,10,,1562680
src1_2,7,18000,0.4,208357,1,0.533395833,51883,56534,0.345,1.19524854,1.19524854,3,10,,2083570
src1_2,7,18000,0.5,260447,1,0.533395833,51883,56534,0.345,0.956196078,0.956196078,3,10,,2604470
src1_2,7,18000,0.6,312536,1,0.533395833,51883,56534,0.345,0.796831085,0.796831085,3,10,,3125360
src1_2,7,18000,0.7,364625,1,0.533395833,51883,56534,0.345,0.682998697,0.682998697,3,10,,3646250
src1_2,8,18000,0.1,52089,1,0.426467202,227990,230149,0.021,21.00927259,21.00927259,21.00927259,21.00927259,,1094352
src1_2,8,18000,0.2,104178,1,0.428231276,227990,230149,0.021,10.5046363,10.5046363,10.5046363,10.5046363,,1094352
src1_2,8,18000,0.3,156268,1,0.465998114,227909,230149,0.021,7.000558016,7.000558016,7.000558016,10,,1562680
src1_2,8,18000,0.4,208357,1,0.465998114,227909,230149,0.021,5.250426912,5.250426912,5.250426912,10,,2083570
src1_2,8,18000,0.5,260447,1,0.465998114,227909,230149,0.021,4.200329434,4.200329434,4.200329434,10,,2604470
src1_2,8,18000,0.6,312536,1,0.465998114,227909,230149,0.021,3.500279008,3.500279008,3.500279008,10,,3125360
src1_2,8,18000,0.7,364625,1,0.465998114,227909,230149,0.021,3.000241892,3.000241892,3.000241892,10,,3646250
src1_2,9,18000,0.1,52089,1,0.628942039,39134,41476,0.122,3.606197086,3.606197086,3.606197086,10,,520890
src1_2,9,18000,0.2,104178,1,0.628942039,39134,41476,0.122,1.803098543,1.803098543,3,10,,1041780
src1_2,9,18000,0.3,156268,1,0.628942039,39134,41476,0.122,1.202058003,1.202058003,3,10,,1562680
src1_2,9,18000,0.4,208357,1,0.628942039,39134,41476,0.122,0.901544944,0.901544944,3,10,,2083570
src1_2,9,18000,0.5,260447,1,0.628942039,39134,41476,0.122,0.721233879,0.721233879,3,10,,2604470
src1_2,9,18000,0.6,312536,1,0.628942039,39134,41476,0.122,0.601029001,0.601029001,3,10,,3125360
src1_2,9,18000,0.7,364625,1,0.628942039,39134,41476,0.122,0.515168186,0.515168186,3,10,,3646250
src1_2,10,18000,0.1,52089,1,0.714852038,32515,35820,0.164,2.996256407,2.996256407,3,10,,520890
src1_2,10,18000,0.2,104178,1,0.714852038,32515,35820,0.164,1.498128204,1.498128204,3,10,,1041780
src1_2,10,18000,0.3,156268,1,0.714852038,32515,35820,0.164,0.998745744,0.998745744,3,10,,1562680
src1_2,10,18000,0.4,208357,1,0.714852038,32515,35820,0.164,0.749060507,0.749060507,3,10,,2083570
src1_2,10,18000,0.5,260447,1,0.714852038,32515,35820,0.164,0.59924668,0.59924668,3,10,,2604470
src1_2,10,18000,0.6,312536,1,0.714852038,32515,35820,0.164,0.499372872,0.499372872,3,10,,3125360
src1_2,10,18000,0.7,364625,1,0.714852038,32515,35820,0.164,0.428034282,0.428034282,3,10,,
src1_2,11,18000,0.1,52089,1,0.739898275,397125,430966,0.1,36.59505846,36.59505846,36.59505846,36.59505846,,
src1_2,11,18000,0.2,104178,1,0.803984537,395613,430966,0.1,18.22786385,18.22786385,18.22786385,18.22786385,,
src1_2,11,18000,0.3,156268,1,0.803984537,395613,430966,0.1,12.15183147,12.15183147,12.15183147,12.15183147,,
src1_2,11,18000,0.4,208357,1,0.803984537,395613,430966,0.1,9.113888182,9.113888182,9.113888182,10,,
src1_2,11,18000,0.5,260447,1,0.803984537,395613,430966,0.1,7.29108955,7.29108955,7.29108955,10,,
src1_2,11,18000,0.6,312536,1,0.803984537,395613,430966,0.1,6.075915735,6.075915735,6.075915735,10,,
src1_2,11,18000,0.7,364625,1,0.803984537,395613,430966,0.1,5.207932533,5.207932533,5.207932533,10,,
src1_2,12,18000,0.1,52089,1,0.527893595,48555,53005,0.328,4.474341992,4.474341992,4.474341992,10,,
src1_2,12,18000,0.2,104178,1,0.527893595,48555,53005,0.328,2.237170996,2.237170996,3,10,,
src1_2,12,18000,0.3,156268,1,0.527893595,48555,53005,0.328,1.491437786,1.491437786,3,10,,
src1_2,12,18000,0.4,208357,1,0.527893595,48555,53005,0.328,1.118580129,1.118580129,3,10,,
src1_2,12,18000,0.5,260447,1,0.527893595,48555,53005,0.328,0.894861527,0.894861527,3,10,,
src1_2,12,18000,0.6,312536,1,0.527893595,48555,53005,0.328,0.745718893,0.745718893,3,10,,
src1_2,12,18000,0.7,364625,1,0.527893595,48555,53005,0.328,0.639188207,0.639188207,3,10,,
src1_2,13,18000,0.1,52089,1,0.441380079,69276,71793,0.075,6.383781605,6.383781605,6.383781605,10,,
src1_2,13,18000,0.2,104178,1,0.441380079,69276,71793,0.075,3.191890802,3.191890802,3.191890802,10,,
src1_2,13,18000,0.3,156268,1,0.441380079,69276,71793,0.075,2.127913584,2.127913584,3,10,,
src1_2,13,18000,0.4,208357,1,0.441380079,69276,71793,0.075,1.595937741,1.595937741,3,10,,
src1_2,13,18000,0.5,260447,1,0.441380079,69276,71793,0.075,1.276746517,1.276746517,3,10,,
src1_2,13,18000,0.6,312536,1,0.441380079,69276,71793,0.075,1.063956792,1.063956792,3,10,,
src1_2,13,18000,0.7,364625,1,0.441380079,69276,71793,0.075,0.911963798,0.911963798,3,10,,
src1_2,14,18000,0.1,52089,1,0.491198346,60728,69646,0.287,5.596083626,5.596083626,5.596083626,10,,
src1_2,14,18000,0.2,104178,1,0.491198346,60728,69646,0.287,2.798041813,2.798041813,3,10,,
src1_2,14,18000,0.3,156268,1,0.491198346,60728,69646,0.287,1.865349272,1.865349272,3,10,,
src1_2,14,18000,0.4,208357,1,0.491198346,60728,69646,0.287,1.399014192,1.399014192,3,10,,
src1_2,14,18000,0.5,260447,1,0.491198346,60728,69646,0.287,1.119208131,1.119208131,3,10,,
src1_2,14,18000,0.6,312536,1,0.491198346,60728,69646,0.287,0.932674636,0.932674636,3,10,,
src1_2,14,18000,0.7,364625,1,0.491198346,60728,69646,0.287,0.799436133,0.799436133,3,10,,
src1_2,15,18000,0.1,52089,1,0.096134946,283272,286930,0.875,26.10350746,26.10350746,26.10350746,26.10350746,,
src1_2,15,18000,0.2,104178,1,0.096633325,283267,286930,0.875,13.05152335,13.05152335,13.05152335,13.05152335,,
src1_2,15,18000,0.3,156268,1,0.097926323,282989,286930,0.875,8.692420713,8.692420713,8.692420713,10,,
src1_2,15,18000,0.4,208357,1,0.099466769,282603,286930,0.875,6.510433535,6.510433535,6.510433535,10,,
src1_2,15,18000,0.5,260447,1,0.102568571,282112,286930,0.875,5.199282772,5.199282772,5.199282772,10,,
src1_2,15,18000,0.6,312536,1,0.102568571,282112,286930,0.875,4.332741188,4.332741188,4.332741188,10,,
src1_2,15,18000,0.7,364625,1,0.102568571,282112,286930,0.875,3.713781556,3.713781556,3.713781556,10,,
src1_2,16,18000,0.1,52089,1,0.843179823,537816,568409,0.076,49.55973046,49.55973046,49.55973046,49.55973046,,
src1_2,16,18000,0.2,104178,1,0.873342963,535812,568409,0.076,24.68753096,24.68753096,24.68753096,24.68753096,,
src1_2,16,18000,0.3,156268,1,0.873342963,535812,568409,0.076,16.45824865,16.45824865,16.45824865,16.45824865,,
src1_2,16,18000,0.4,208357,1,0.873342963,535812,568409,0.076,12.34370624,12.34370624,12.34370624,12.34370624,,
src1_2,16,18000,0.5,260447,1,0.873342963,535812,568409,0.076,9.874936551,9.874936551,9.874936551,10,,
src1_2,16,18000,0.6,312536,1,0.873342963,535812,568409,0.076,8.229124325,8.229124325,8.229124325,10,,
src1_2,16,18000,0.7,364625,1,0.873342963,535812,568409,0.076,7.053541584,7.053541584,7.053541584,10,,
src1_2,17,18000,0.1,52089,1,0.593606174,84142,92777,0.3,7.753683119,7.753683119,7.753683119,10,,
src1_2,17,18000,0.2,104178,1,0.593606174,84142,92777,0.3,3.87684156,3.87684156,3.87684156,10,,
src1_2,17,18000,0.3,156268,1,0.593606174,84142,92777,0.3,2.5845445,2.5845445,3,10,,
src1_2,17,18000,0.4,208357,1,0.593606174,84142,92777,0.3,1.938411476,1.938411476,3,10,,
src1_2,17,18000,0.5,260447,1,0.593606174,84142,92777,0.3,1.550724716,1.550724716,3,10,,
src1_2,17,18000,0.6,312536,1,0.593606174,84142,92777,0.3,1.29227225,1.29227225,3,10,,
src1_2,17,18000,0.7,364625,1,0.593606174,84142,92777,0.3,1.107662941,1.107662941,3,10,,
src1_2,18,18000,0.1,52089,1,0.266733898,372463,379783,0.035,34.3224558,34.3224558,34.3224558,34.3224558,,
src1_2,18,18000,0.2,104178,1,0.733616302,372173,379783,0.035,17.14786615,17.14786615,17.14786615,17.14786615,,
src1_2,18,18000,0.3,156268,1,0.733616302,372173,379783,0.035,11.43183761,11.43183761,11.43183761,11.43183761,,
src1_2,18,18000,0.4,208357,1,0.733616302,372173,379783,0.035,8.573891926,8.573891926,8.573891926,10,,
src1_2,18,18000,0.5,260447,1,0.733616302,372173,379783,0.035,6.859093789,6.859093789,6.859093789,10,,
src1_2,18,18000,0.6,312536,1,0.733616302,372173,379783,0.035,5.715918806,5.715918806,5.715918806,10,,
src1_2,18,18000,0.7,364625,1,0.733616302,372173,379783,0.035,4.899363456,4.899363456,4.899363456,10,,
src1_2,19,18000,0.1,52089,1,0.148485865,293246,312885,0.83,27.0226113,27.0226113,27.0226113,27.0226113,,
src1_2,19,18000,0.2,104178,1,0.150224523,292736,312885,0.83,13.48780741,13.48780741,13.48780741,13.48780741,,
src1_2,19,18000,0.3,156268,1,0.152691884,291976,312885,0.83,8.968469552,8.968469552,8.968469552,10,,
src1_2,19,18000,0.4,208357,1,0.15350688,291747,312885,0.83,6.721087364,6.721087364,6.721087364,10,,
src1_2,19,18000,0.5,260447,1,0.157569075,291566,312885,0.83,5.373518605,5.373518605,5.373518605,10,,
src1_2,19,18000,0.6,312536,1,0.158694089,291518,312885,0.83,4.477200706,4.477200706,4.477200706,10,,
src1_2,19,18000,0.7,364625,1,0.158694089,291518,312885,0.83,3.837604114,3.837604114,3.837604114,10,,