4.7,3600,600,(0.1, 0.2),{'deltap': 0.1, 'deltas': 0.02, 'interval': 10000000, 'watch': (False, 18000000000, {}, 10), 'nrsamples': 2, 'throt': 0.01, 'hitThrot': 0.005}
ts_0,prn_1,hm_0,stg_1,wdev_0,src1_2,rsrch_0,108.662906
total_config_time= 71.163523
base,180551,10917,27388252.5426
base2,180337,21838,27321288.0152,0.997554990874
cache,160948,21833,24420898.0541,0.891655939573
ts_0,23,0.22957564616,0.235944236535,0.228350075504,True,45693
base,1989,1,44452,10490
base2,3978,1,44301,10781
cache,3384,0.2,41738,10434
prn_1,13,0.171864018052,0.177116857175,0.168701217031,True,54066
base,4411,1,51604,9292
base2,8823,1,51570,9576
cache,7507,0.4,49242,9121
hm_0,20,0.526803266294,0.541509148647,0.521888704068,True,26452
base,1157,1,25030,13935
base2,2315,1,25021,14324
cache,2154,0.4,20779,13805
stg_1,25,0.0823387096774,0.134435483871,0.111532258065,True,12400
base,957,1,12381,1021
base2,1915,1,12381,1667
cache,1629,0.1,6526,1383
wdev_0,17,0.469884488449,0.481298129813,0.468784378438,True,14544
base,714,1,14461,6834
base2,1428,1,14461,7000
cache,1214,0.3,13671,6818
src1_2,23,0.325929113107,0.334534502232,0.317054805572,True,18593
base,1120,1,18077,6060
base2,2241,1,18057,6220
cache,4978,0.5,16597,5895
rsrch_0,4,0.597002612402,0.599546267015,0.594940189743,True,14546
base,569,1,14546,8684
base2,1138,1,14546,8721
cache,967,0.2,12395,8654
4.7,3600,600,(0.1, 0.2),{'deltap': 0.1, 'deltas': 0.02, 'interval': 10000000, 'watch': (False, 18000000000, {}, 10), 'nrsamples': 2, 'throt': 0.01, 'hitThrot': 0.005}
ts_0,prn_1,hm_0,stg_1,wdev_0,src1_2,rsrch_0,111.104864
total_config_time= 74.092628
base,180551,10917,27388252.5426
base2,180337,21838,27321288.0152,0.997554990874
cache,161125,21833,24481425.7166,0.893865925859
ts_0,23,0.22957564616,0.235944236535,0.229313023877,True,45693
base,1989,1,44452,10490
base2,3978,1,44301,10781
cache,3384,0.2,41792,10478
prn_1,13,0.171864018052,0.177116857175,0.169293086228,True,54066
base,4411,1,51604,9292
base2,8823,1,51570,9576
cache,7507,0.4,49231,9153
hm_0,20,0.526803266294,0.541509148647,0.522720399214,True,26452
base,1157,1,25030,13935
base2,2315,1,25021,14324
cache,2154,0.4,20735,13827
stg_1,25,0.0823387096774,0.134435483871,0.11064516129,True,12400
base,957,1,12381,1021
base2,1915,1,12381,1667
cache,1629,0.1,6631,1372
wdev_0,17,0.469884488449,0.481298129813,0.469128162816,True,14544
base,714,1,14461,6834
base2,1428,1,14461,7000
cache,1214,0.3,13721,6823
src1_2,23,0.325929113107,0.334534502232,0.317753993438,True,18593
base,1120,1,18077,6060
base2,2241,1,18057,6220
cache,4978,0.5,16574,5908
rsrch_0,4,0.597002612402,0.599546267015,0.594596452633,True,14546
base,569,1,14546,8684
base2,1138,1,14546,8721
cache,967,0.2,12441,8649
4.7,3600,600,(0.1, 0.2),{'deltap': 0.1, 'deltas': 0.02, 'interval': 10000000, 'watch': (False, 18000000000, {}, 10), 'nrsamples': 2, 'throt': 0.01, 'hitThrot': 0.005}
ts_0,prn_1,hm_0,stg_1,wdev_0,src1_2,rsrch_0,117.469524
total_config_time= 80.308815
base,180551,10917,27388252.5426
base2,180337,21838,27321288.0152,0.997554990874
cache,160997,21834,24413340.3387,0.891379992233
ts_0,23,0.22957564616,0.235944236535,0.228612697787,True,45693
base,1989,1,44452,10490
base2,3978,1,44301,10781
cache,3319,0.2,41826,10446
prn_1,13,0.171864018052,0.177116857175,0.168516257907,True,54066
base,4411,1,51604,9292
base2,8823,1,51570,9576
cache,7363,0.4,49166,9111
hm_0,20,0.526803266294,0.541509148647,0.523325268411,True,26452
base,1157,1,25030,13935
base2,2315,1,25021,14324
cache,2572,0.4,20802,13843
stg_1,25,0.0823387096774,0.134435483871,0.112177419355,True,12400
base,957,1,12381,1021
base2,1915,1,12381,1667
cache,1598,0.1,6542,1391
wdev_0,17,0.469884488449,0.481298129813,0.468509350935,True,14544
base,714,1,14461,6834
base2,1428,1,14461,7000
cache,1191,0.2,13546,6814
src1_2,23,0.325929113107,0.334534502232,0.317216156618,True,18593
base,1120,1,18077,6060
base2,2241,1,18057,6220
cache,4842,0.5,16606,5898
rsrch_0,4,0.597002612402,0.599546267015,0.596727622714,True,14546
base,569,1,14546,8684
base2,1138,1,14546,8721
cache,949,0.2,12509,8680
4.7,3600,600,(0.1, 0.2),{'deltap': 0.1, 'deltas': 0.02, 'interval': 10000000, 'watch': (False, 18000000000, {}, 10), 'nrsamples': 2, 'throt': 0.01, 'hitThrot': 0.005}
ts_0,prn_1,hm_0,stg_1,wdev_0,src1_2,rsrch_0,97.950316
total_config_time= 60.857725
base,180551,10917,27388252.5426
base2,180337,21838,27321288.0152,0.997554990874
cache,160987,21834,24413340.3387,0.891379992233
ts_0,23,0.22957564616,0.235944236535,0.229181712735,True,45693
base,1989,1,44452,10490
base2,3978,1,44301,10781
cache,3328,0.2,41829,10472
prn_1,13,0.171864018052,0.177116857175,0.168941663892,True,54066
base,4411,1,51604,9292
base2,8823,1,51570,9576
cache,7383,0.4,49251,9134
hm_0,20,0.526803266294,0.541509148647,0.520452139725,True,26452
base,1157,1,25030,13935
base2,2315,1,25021,14324
cache,2590,0.4,20663,13767
stg_1,25,0.0823387096774,0.134435483871,0.108709677419,True,12400
base,957,1,12381,1021
base2,1915,1,12381,1667
cache,1602,0.1,6475,1348
wdev_0,17,0.469884488449,0.481298129813,0.468440594059,True,14544
base,714,1,14461,6834
base2,1428,1,14461,7000
cache,1194,0.3,13673,6813
src1_2,23,0.325929113107,0.334534502232,0.318668316033,True,18593
base,1120,1,18077,6060
base2,2241,1,18057,6220
cache,4785,0.5,16630,5925
rsrch_0,4,0.597002612402,0.599546267015,0.595352674275,True,14546
base,569,1,14546,8684
base2,1138,1,14546,8721
cache,952,0.2,12466,8660
------------------------------------------------
4.8,3600,600,(0.1, 0.2),{'deltap': 0.1, 'deltas': 0.02, 'interval': 10000000, 'watch': (False, 18000000000, {}, 10), 'nrsamples': 2, 'throt': 0.01, 'hitThrot': 0.005}
ts_0,prn_1,hm_0,stg_1,wdev_0,src1_2,rsrch_0,85.701086
total_config_time= 47.794869
base,180551,10917,27388252.5426
base2,180337,21838,27321288.0152,0.997554990874
cache,159477,21834,24180873.3311,0.882892155809
ts_0,23,0.22957564616,0.235944236535,0.228897205261,True,45693
base,1989,1,44452,10490
base2,3978,1,44301,10781
cache,3328,0.2,41820,10459
prn_1,13,0.171864018052,0.177116857175,0.168978655717,True,54066
base,4411,1,51604,9292
base2,8823,1,51570,9576
cache,7383,0.4,49205,9136
hm_0,20,0.526803266294,0.541509148647,0.521964312717,True,26452
base,1157,1,25030,13935
base2,2315,1,25021,14324
cache,2590,0.4,20707,13807
stg_1,25,0.0823387096774,0.134435483871,0.118548387097,True,12400
base,957,1,12381,1021
base2,1915,1,12381,1667
cache,1602,0.1,5060,1470
wdev_0,17,0.469884488449,0.481298129813,0.469265676568,True,14544
base,714,1,14461,6834
base2,1428,1,14461,7000
cache,1194,0.3,13672,6825
src1_2,23,0.325929113107,0.334534502232,0.316947238208,True,18593
base,1120,1,18077,6060
base2,2241,1,18057,6220
cache,4785,0.5,16555,5893
rsrch_0,4,0.597002612402,0.599546267015,0.595146432009,True,14546
base,569,1,14546,8684
base2,1138,1,14546,8721
cache,952,0.2,12458,8657
------------------------------------------------
4.8,3600,600,(0.1, 0.2),{'deltap': 0.1, 'deltas': 0.02, 'interval': 10000000, 'watch': (False, 18000000000, {}, 10), 'nrsamples': 2, 'throt': 0.01, 'hitThrot': 0.005}
ts_0,prn_1,hm_0,stg_1,wdev_0,src1_2,rsrch_0,100.297113
total_config_time= 61.540202
base,180551,10917,27388252.5426
base2,180337,21838,27321288.0152,0.997554990874
cache,160124,21835,24268502.2267,0.886091662436
ts_0,23,0.22957564616,0.235944236535,0.228568927407,True,45693
base,1989,1,44452,10490
base2,3978,1,44301,10781
cache,3356,0.2,41705,10444
prn_1,13,0.171864018052,0.177116857175,0.168405282433,True,54066
base,4411,1,51604,9292
base2,8823,1,51570,9576
cache,7444,0.4,49123,9105
hm_0,20,0.526803266294,0.541509148647,0.521964312717,True,26452
base,1157,1,25030,13935
base2,2315,1,25021,14324
cache,2377,0.4,20719,13807
stg_1,25,0.0823387096774,0.134435483871,0.118064516129,True,12400
base,957,1,12381,1021
base2,1915,1,12381,1667
cache,1615,0.1,5948,1464
wdev_0,17,0.469884488449,0.481298129813,0.469265676568,True,14544
base,714,1,14461,6834
base2,1428,1,14461,7000
cache,1204,0.2,13578,6825
src1_2,23,0.325929113107,0.334534502232,0.317054805572,True,18593
base,1120,1,18077,6060
base2,2241,1,18057,6220
cache,4880,0.5,16568,5895
rsrch_0,4,0.597002612402,0.599546267015,0.595215179431,True,14546
base,569,1,14546,8684
base2,1138,1,14546,8721
cache,959,0.2,12483,8658
------------------------------------------------
4.8,3600,600,(0.1, 0.2),{'deltap': 0.1, 'deltas': 0.02, 'interval': 10000000, 'watch': (False, 18000000000, {}, 10), 'nrsamples': 2, 'throt': 0.01, 'hitThrot': 0.005}
ts_0,prn_1,hm_0,stg_1,wdev_0,src1_2,rsrch_0,113.340129
total_config_time= 75.503562
base,180551,10917,27388252.5426
base2,180337,21838,27321288.0152,0.997554990874
cache,161137,21834,24479265.3477,0.893787046459
ts_0,23,0.22957564616,0.235944236535,0.228700238549,True,45693
base,1989,1,44452,10490
base2,3978,1,44301,10781
cache,3374,0.2,41762,10450
prn_1,13,0.171864018052,0.177116857175,0.16846077017,True,54066
base,4411,1,51604,9292
base2,8823,1,51570,9576
cache,7485,0.4,49235,9108
hm_0,20,0.526803266294,0.541509148647,0.523363072736,True,26452
base,1157,1,25030,13935
base2,2315,1,25021,14324
cache,2140,0.4,20762,13844
stg_1,25,0.0823387096774,0.134435483871,0.112096774194,True,12400
base,957,1,12381,1021
base2,1915,1,12381,1667
cache,1624,0.1,6647,1390
wdev_0,17,0.469884488449,0.481298129813,0.468646864686,True,14544
base,714,1,14461,6834
base2,1428,1,14461,7000
cache,1211,0.3,13650,6816
src1_2,23,0.325929113107,0.334534502232,0.317753993438,True,18593
base,1120,1,18077,6060
base2,2241,1,18057,6220
cache,5035,0.5,16624,5908
rsrch_0,4,0.597002612402,0.599546267015,0.59624639076,True,14546
base,569,1,14546,8684
base2,1138,1,14546,8721
cache,965,0.2,12457,8673
------------------------------------------------
4.8,3600,600,(0.1, 0.2),{'deltap': 0.1, 'deltas': 0.02, 'interval': 10000000, 'watch': (False, 18000000000, {}, 10), 'nrsamples': 2, 'throt': 0.01, 'hitThrot': 0.005}
ts_0,prn_1,hm_0,stg_1,wdev_0,src1_2,rsrch_0,96.647573
total_config_time= 58.497014
base,180551,10917,27388252.5426
base2,180337,21838,27321288.0152,0.997554990874
cache,160392,21835,24316242.5845,0.887834758595
ts_0,23,0.22957564616,0.235944236535,0.228437616265,True,45693
base,1989,1,44452,10490
base2,3978,1,44301,10781
cache,3302,0.2,41687,10438
prn_1,13,0.171864018052,0.177116857175,0.168904672067,True,54066
base,4411,1,51604,9292
base2,8823,1,51570,9576
cache,7325,0.4,49212,9132
hm_0,20,0.526803266294,0.541509148647,0.522228942991,True,26452
base,1157,1,25030,13935
base2,2315,1,25021,14324
cache,2795,0.4,20803,13814
stg_1,25,0.0823387096774,0.134435483871,0.119838709677,True,12400
base,957,1,12381,1021
base2,1915,1,12381,1667
cache,1590,0.1,5938,1486
wdev_0,17,0.469884488449,0.481298129813,0.469196919692,True,14544
base,714,1,14461,6834
base2,1428,1,14461,7000
cache,1185,0.3,13679,6824
src1_2,23,0.325929113107,0.334534502232,0.317108589254,True,18593
base,1120,1,18077,6060
base2,2241,1,18057,6220
cache,4694,0.5,16591,5896
rsrch_0,4,0.597002612402,0.599546267015,0.595283926853,True,14546
base,569,1,14546,8684
base2,1138,1,14546,8721
cache,944,0.2,12482,8659
------------------------------------------------
4.8,3600,600,(0.1, 0.2),{'deltap': 0.1, 'deltas': 0.02, 'interval': 10000000, 'watch': (False, 18000000000, {}, 10), 'nrsamples': 2, 'throt': 0.01, 'hitThrot': 0.005}
ts_0,prn_1,hm_0,stg_1,wdev_0,src1_2,rsrch_0,109.270628
total_config_time= 71.192306
base,180551,10917,27388252.5426
base2,180337,21838,27321288.0152,0.997554990874
cache,160829,21835,24434653.3983,0.892158174761
ts_0,23,0.22957564616,0.235944236535,0.229838268444,True,45693
base,1989,1,44452,10490
base2,3978,1,44301,10781
cache,3302,0.2,41789,10502
prn_1,13,0.171864018052,0.177116857175,0.168053860097,True,54066
base,4411,1,51604,9292
base2,8823,1,51570,9576
cache,7325,0.4,49170,9086
hm_0,20,0.526803266294,0.541509148647,0.521246030546,True,26452
base,1157,1,25030,13935
base2,2315,1,25021,14324
cache,2795,0.4,20739,13788
stg_1,25,0.0823387096774,0.134435483871,0.11,True,12400
base,957,1,12381,1021
base2,1915,1,12381,1667
cache,1590,0.1,6535,1364
wdev_0,17,0.469884488449,0.481298129813,0.468921892189,True,14544
base,714,1,14461,6834
base2,1428,1,14461,7000
cache,1185,0.2,13568,6820
src1_2,23,0.325929113107,0.334534502232,0.317216156618,True,18593
base,1120,1,18077,6060
base2,2241,1,18057,6220
cache,4694,0.5,16594,5898
rsrch_0,4,0.597002612402,0.599546267015,0.59590265365,True,14546
base,569,1,14546,8684
base2,1138,1,14546,8721
cache,944,0.2,12434,8668
------------------------------------------------
4.8,3600,600,(0.1, 0.2),{'deltap': 0.1, 'deltas': 0.02, 'interval': 10000000, 'watch': (False, 18000000000, {}, 10), 'nrsamples': 2, 'throt': 0.01, 'hitThrot': 0.005}
ts_0,prn_1,hm_0,stg_1,wdev_0,src1_2,rsrch_0,102.570295
total_config_time= 65.609012
base,180551,10917,27388252.5426
base2,180337,21838,27321288.0152,0.997554990874
cache,161313,21833,24456685.0326,0.892962593894
ts_0,23,0.22957564616,0.235944236535,0.229466220209,True,45693
base,1989,1,44452,10490
base2,3978,1,44301,10781
cache,3384,0.2,41808,10485
prn_1,13,0.171864018052,0.177116857175,0.169237598491,True,54066
base,4411,1,51604,9292
base2,8823,1,51570,9576
cache,7507,0.4,49256,9150
hm_0,20,0.526803266294,0.541509148647,0.522304551641,True,26452
base,1157,1,25030,13935
base2,2315,1,25021,14324
cache,2154,0.4,20838,13816
stg_1,25,0.0823387096774,0.134435483871,0.110564516129,True,12400
base,957,1,12381,1021
base2,1915,1,12381,1667
cache,1629,0.1,6572,1371
wdev_0,17,0.469884488449,0.481298129813,0.468784378438,True,14544
base,714,1,14461,6834
base2,1428,1,14461,7000
cache,1214,0.4,13783,6818
src1_2,23,0.325929113107,0.334534502232,0.318453181305,True,18593
base,1120,1,18077,6060
base2,2241,1,18057,6220
cache,4978,0.5,16600,5921
rsrch_0,4,0.597002612402,0.599546267015,0.594802694899,True,14546
base,569,1,14546,8684
base2,1138,1,14546,8721
cache,967,0.2,12456,8652
------------------------------------------------
4.8,3600,600,(0.1, 0.2),{'deltap': 0.1, 'deltas': 0.02, 'interval': 10000000, 'watch': (False, 18000000000, {}, 10), 'nrsamples': 2, 'throt': 0.01, 'hitThrot': 0.005}
ts_0,prn_1,hm_0,stg_1,wdev_0,src1_2,rsrch_0,98.462864
base,180551,10917,27388252.5426
base2,180337,21838,27321288.0152,0.997554990874
cache,160960,21835,24420898.0541,0.891655939573
ts_0,23,0.22957564616,0.235944236535,0.22883154969,True,45693
base,1989,1,44452,10490
base2,3978,1,44301,10781
cache,3302,0.2,41804,10456
prn_1,13,0.171864018052,0.177116857175,0.168664225206,True,54066
base,4411,1,51604,9292
base2,8823,1,51570,9576
cache,7325,0.4,49204,9119
hm_0,20,0.526803266294,0.541509148647,0.522039921367,True,26452
base,1157,1,25030,13935
base2,2315,1,25021,14324
cache,2795,0.4,20631,13809
stg_1,25,0.0823387096774,0.134435483871,0.110967741935,True,12400
base,957,1,12381,1021
base2,1915,1,12381,1667
cache,1590,0.1,6534,1376
wdev_0,17,0.469884488449,0.481298129813,0.4674779978,True,14544
base,714,1,14461,6834
base2,1428,1,14461,7000
cache,1185,0.4,13749,6799
src1_2,23,0.325929113107,0.334534502232,0.317377507664,True,18593
base,1120,1,18077,6060
base2,2241,1,18057,6220
cache,4694,0.5,16590,5901
rsrch_0,4,0.597002612402,0.599546267015,0.594527705211,True,14546
base,569,1,14546,8684
base2,1138,1,14546,8721
cache,944,0.2,12448,8648
------------------------------------------------
4.8,3600,600,(0.1, 0.2),{'deltap': 0.1, 'deltas': 0.02, 'interval': 10000000, 'watch': (False, 18000000000, {}, 10), 'nrsamples': 2, 'throt': 0.01, 'hitThrot': 0.005}
ts_0,prn_1,hm_0,stg_1,wdev_0,src1_2,rsrch_0,113.482374
base,180551,10917,27388252.5426
base2,180337,21838,27321288.0152,0.997554990874
cache,164208,21834,24941619.6624,0.910668529275
ts_0,23,0.22957564616,0.235944236535,0.229488105399,True,45693
base,1989,1,44452,10490
base2,3978,1,44301,10781
cache,3323,0.2,41816,10486
prn_1,13,0.171864018052,0.177116857175,0.169071135279,True,54066
base,4411,1,51604,9292
base2,8823,1,51570,9576
cache,7370,0.4,49182,9141
hm_0,20,0.526803266294,0.541509148647,0.522077725692,True,26452
base,1157,1,25030,13935
base2,2315,1,25021,14324
cache,2062,0.4,20718,13810
stg_1,25,0.0823387096774,0.134435483871,0.136209677419,True,12400
base,957,1,12381,1021
base2,1915,1,12381,1667
cache,1599,0.2,9770,1689
wdev_0,17,0.469884488449,0.481298129813,0.468371837184,True,14544
base,714,1,14461,6834
base2,1428,1,14461,7000
cache,1192,0.3,13665,6812
src1_2,23,0.325929113107,0.334534502232,0.317485075028,True,18593
base,1120,1,18077,6060
base2,2241,1,18057,6220
cache,5338,0.5,16592,5903
rsrch_0,4,0.597002612402,0.599546267015,0.595283926853,True,14546
base,569,1,14546,8684
base2,1138,1,14546,8721
cache,950,0.2,12465,8659
------------------------------------------------
4.8,3600,600,(0.1, 0.2),{'deltap': 0.1, 'deltas': 0.02, 'interval': 10000000, 'watch': (False, 18000000000, {}, 10), 'nrsamples': 2, 'throt': 0.01, 'hitThrot': 0.005}
ts_0,prn_1,hm_0,stg_1,wdev_0,src1_2,rsrch_0,114.698121
base,180551,10917,27388252.5426
base2,180337,21838,27321288.0152,0.997554990874
cache,160880,21833,24428325.3735,0.891927125892
ts_0,23,0.22957564616,0.235944236535,0.228722123739,True,45693
base,1989,1,44452,10490
base2,3978,1,44301,10781
cache,3384,0.2,41750,10451
prn_1,13,0.171864018052,0.177116857175,0.168516257907,True,54066
base,4411,1,51604,9292
base2,8823,1,51570,9576
cache,7507,0.4,49199,9111
hm_0,20,0.526803266294,0.541509148647,0.522228942991,True,26452
base,1157,1,25030,13935
base2,2315,1,25021,14324
cache,2154,0.4,20744,13814
stg_1,25,0.0823387096774,0.134435483871,0.109516129032,True,12400
base,957,1,12381,1021
base2,1915,1,12381,1667
cache,1629,0.1,6591,1358
wdev_0,17,0.469884488449,0.481298129813,0.468440594059,True,14544
base,714,1,14461,6834
base2,1428,1,14461,7000
cache,1214,0.2,13555,6813
src1_2,23,0.325929113107,0.334534502232,0.317323723982,True,18593
base,1120,1,18077,6060
base2,2241,1,18057,6220
cache,4978,0.5,16564,5900
rsrch_0,4,0.597002612402,0.599546267015,0.594940189743,True,14546
base,569,1,14546,8684
base2,1138,1,14546,8721
cache,967,0.2,12477,8654
------------------------------------------------
4.8,3600,600,(0.1, 0.2),{'deltap': 0.1, 'deltas': 0.02, 'interval': 10000000, 'watch': (False, 18000000000, {}, 10), 'nrsamples': 2, 'throt': 0.01, 'hitThrot': 0.005}
ts_0,prn_1,hm_0,stg_1,wdev_0,src1_2,rsrch_0,89.22574
base,180551,10917,27388252.5426
base2,180337,21838,27321288.0152,0.997554990874
cache,160359,21835,24326189.2099,0.888197929829
ts_0,23,0.22957564616,0.235944236535,0.228940975642,True,45693
base,1989,1,44452,10490
base2,3978,1,44301,10781
cache,3302,0.2,41776,10461
prn_1,13,0.171864018052,0.177116857175,0.169015647542,True,54066
base,4411,1,51604,9292
base2,8823,1,51570,9576
cache,7325,0.4,49205,9138
hm_0,20,0.526803266294,0.541509148647,0.520943595947,True,26452
base,1157,1,25030,13935
base2,2315,1,25021,14324
cache,2795,0.4,20722,13780
stg_1,25,0.0823387096774,0.134435483871,0.119112903226,True,12400
base,957,1,12381,1021
base2,1915,1,12381,1667
cache,1590,0.1,5948,1477
wdev_0,17,0.469884488449,0.481298129813,0.468784378438,True,14544
base,714,1,14461,6834
base2,1428,1,14461,7000
cache,1185,0.3,13686,6818
src1_2,23,0.325929113107,0.334534502232,0.317592642392,True,18593
base,1120,1,18077,6060
base2,2241,1,18057,6220
cache,4694,0.5,16582,5905
rsrch_0,4,0.597002612402,0.599546267015,0.594458957789,True,14546
base,569,1,14546,8684
base2,1138,1,14546,8721
cache,944,0.2,12440,8647
------------------------------------------------
4.8,3600,600,(0.1, 0.2),{'deltap': 0.1, 'deltas': 0.02, 'interval': 10000000, 'watch': (False, 18000000000, {}, 10), 'nrsamples': 2, 'throt': 0.01, 'hitThrot': 0.005}
ts_0,prn_1,hm_0,stg_1,wdev_0,src1_2,rsrch_0,95.018985
base,180551,10917,27388252.5426
base2,180337,21838,27321288.0152,0.997554990874
cache,160284,21835,24330808.5125,0.888366589824
ts_0,23,0.22957564616,0.235944236535,0.229400564638,True,45693
base,1989,1,44452,10490
base2,3978,1,44301,10781
cache,3302,0.2,41753,10482
prn_1,13,0.171864018052,0.177116857175,0.168867680243,True,54066
base,4411,1,51604,9292
base2,8823,1,51570,9576
cache,7325,0.4,49181,9130
hm_0,20,0.526803266294,0.541509148647,0.52238016029,True,26452
base,1157,1,25030,13935
base2,2315,1,25021,14324
cache,2795,0.4,20776,13818
stg_1,25,0.0823387096774,0.134435483871,0.119032258065,True,12400
base,957,1,12381,1021
base2,1915,1,12381,1667
cache,1590,0.1,5965,1476
wdev_0,17,0.469884488449,0.481298129813,0.468371837184,True,14544
base,714,1,14461,6834
base2,1428,1,14461,7000
cache,1185,0.2,13570,6812
src1_2,23,0.325929113107,0.334534502232,0.317646426074,True,18593
base,1120,1,18077,6060
base2,2241,1,18057,6220
cache,4694,0.5,16584,5906
rsrch_0,4,0.597002612402,0.599546267015,0.594665200055,True,14546
base,569,1,14546,8684
base2,1138,1,14546,8721
cache,944,0.2,12455,8650
------------------------------------------------
4.8,3600,600,(0.1, 0.2),{'deltap': 0.1, 'deltas': 0.02, 'interval': 10000000, 'watch': (False, 18000000000, {}, 10), 'nrsamples': 2, 'throt': 0.01, 'hitThrot': 0.005}
ts_0,prn_1,hm_0,stg_1,wdev_0,src1_2,rsrch_0,98.295564
base,180551,10917,27388252.5426
base2,180337,21838,27321288.0152,0.997554990874
cache,160285,18143,24330808.5125,0.888366589824
ts_0,23,0.22957564616,0.235944236535,0.228962860832,True,45693
base,1989,1,44452,10490
base2,3978,1,44301,10781
cache,3374,0.2,41791,10462
prn_1,13,0.171864018052,0.177116857175,0.168775200681,True,54066
base,4411,1,51604,9292
base2,8823,1,51570,9576
cache,7485,0.4,49195,9125
hm_0,20,0.526803266294,0.541509148647,0.521246030546,True,26452
base,1157,1,25030,13935
base2,2315,1,25021,14324
cache,2140,0.4,20690,13788
stg_1,25,0.0823387096774,0.134435483871,0.12064516129,True,12400
base,957,1,12381,1021
base2,1915,1,12381,1667
cache,1624,0.1,5902,1496
wdev_0,17,0.469884488449,0.481298129813,0.468371837184,True,14544
base,714,1,14461,6834
base2,1428,1,14461,7000
cache,1211,0.3,13683,6812
src1_2,23,0.325929113107,0.334534502232,0.316194266659,True,18593
base,1120,1,18077,6060
base2,2241,1,18057,6220
cache,1344,1.0,16610,5879
rsrch_0,4,0.597002612402,0.599546267015,0.595421421697,True,14546
base,569,1,14546,8684
base2,1138,1,14546,8721
cache,965,0.2,12414,8661
------------------------------------------------
4.8,3600,600,(0.1, 0.2),{'deltap': 0.1, 'deltas': 0.02, 'interval': 10000000, 'watch': (False, 18000000000, {}, 10), 'nrsamples': 2, 'throt': 0.01, 'hitThrot': 0.005}
ts_0,prn_1,hm_0,stg_1,wdev_0,src1_2,rsrch_0,91.300123
base,180551,10917,27388252.5426
base2,180337,21838,27321288.0152,0.997554990874
cache,160616,21834,24375863.9569,0.890011654412
ts_0,23,0.22957564616,0.235944236535,0.22878777931,True,45693
base,1989,1,44452,10490
base2,3978,1,44301,10781
cache,3319,0.2,41773,10454
prn_1,13,0.171864018052,0.177116857175,0.168960159805,True,54066
base,4411,1,51604,9292
base2,8823,1,51570,9576
cache,7363,0.4,49193,9135
hm_0,20,0.526803266294,0.541509148647,0.522039921367,True,26452
base,1157,1,25030,13935
base2,2315,1,25021,14324
cache,2572,0.4,20778,13809
stg_1,25,0.0823387096774,0.134435483871,0.117822580645,True,12400
base,957,1,12381,1021
base2,1915,1,12381,1667
cache,1598,0.1,5972,1461
wdev_0,17,0.469884488449,0.481298129813,0.467546754675,True,14544
base,714,1,14461,6834
base2,1428,1,14461,7000
cache,1191,0.4,13774,6800
src1_2,23,0.325929113107,0.334534502232,0.318668316033,True,18593
base,1120,1,18077,6060
base2,2241,1,18057,6220
cache,4842,0.5,16641,5925
rsrch_0,4,0.597002612402,0.599546267015,0.593565241303,True,14546
base,569,1,14546,8684
base2,1138,1,14546,8721
cache,949,0.2,12485,8634
------------------------------------------------
4.8,3600,600,(0.1, 0.2),{'deltap': 0.1, 'deltas': 0.02, 'interval': 10000000, 'watch': (False, 18000000000, {}, 10), 'nrsamples': 2, 'throt': 0.01, 'hitThrot': 0.005}
ts_0,prn_1,hm_0,stg_1,wdev_0,src1_2,rsrch_0,99.643991
base,180551,10917,27388252.5426
base2,180337,21838,27321288.0152,0.997554990874
cache,160563,21835,24384764.7617,0.890336640637
ts_0,23,0.22957564616,0.235944236535,0.228744008929,True,45693
base,1989,1,44452,10490
base2,3978,1,44301,10781
cache,3302,0.2,41776,10452
prn_1,13,0.171864018052,0.177116857175,0.168479266082,True,54066
base,4411,1,51604,9292
base2,8823,1,51570,9576
cache,7325,0.4,49181,9109
hm_0,20,0.526803266294,0.541509148647,0.521586269469,True,26452
base,1157,1,25030,13935
base2,2315,1,25021,14324
cache,2795,0.4,20760,13797
stg_1,25,0.0823387096774,0.134435483871,0.108951612903,True,12400
base,957,1,12381,1021
base2,1915,1,12381,1667
cache,1590,0.1,6174,1351
wdev_0,17,0.469884488449,0.481298129813,0.4674779978,True,14544
base,714,1,14461,6834
base2,1428,1,14461,7000
cache,1185,0.3,13655,6799
src1_2,23,0.325929113107,0.334534502232,0.317216156618,True,18593
base,1120,1,18077,6060
base2,2241,1,18057,6220
cache,4694,0.5,16554,5898
rsrch_0,4,0.597002612402,0.599546267015,0.595077684587,True,14546
base,569,1,14546,8684
base2,1138,1,14546,8721
cache,944,0.2,12463,8656
------------------------------------------------
4.8,3600,600,(0.1, 0.2),{'deltap': 0.1, 'deltas': 0.02, 'interval': 10000000, 'watch': (False, 18000000000, {}, 10), 'nrsamples': 2, 'throt': 0.01, 'hitThrot': 0.005}
ts_0,prn_1,hm_0,stg_1,wdev_0,src1_2,rsrch_0,103.260695
base,180551,10917,27388252.5426
base2,180337,21838,27321288.0152,0.997554990874
cache,160599,21835,24378197.2844,0.890096848876
ts_0,23,0.22957564616,0.235944236535,0.229334909067,True,45693
base,1989,1,44452,10490
base2,3978,1,44301,10781
cache,3302,0.2,41801,10479
prn_1,13,0.171864018052,0.177116857175,0.168164835571,True,54066
base,4411,1,51604,9292
base2,8823,1,51570,9576
cache,7325,0.4,49178,9092
hm_0,20,0.526803266294,0.541509148647,0.521283834871,True,26452
base,1157,1,25030,13935
base2,2315,1,25021,14324
cache,2795,0.4,20749,13789
stg_1,25,0.0823387096774,0.134435483871,0.106290322581,True,12400
base,957,1,12381,1021
base2,1915,1,12381,1667
cache,1590,0.1,6114,1318
wdev_0,17,0.469884488449,0.481298129813,0.468096809681,True,14544
base,714,1,14461,6834
base2,1428,1,14461,7000
cache,1185,0.3,13677,6808
src1_2,23,0.325929113107,0.334534502232,0.318399397623,True,18593
base,1120,1,18077,6060
base2,2241,1,18057,6220
cache,4694,0.5,16603,5920
rsrch_0,4,0.597002612402,0.599546267015,0.593840230991,True,14546
base,569,1,14546,8684
base2,1138,1,14546,8721
cache,944,0.2,12477,8638
------------------------------------------------
4.8,3600,600,(0.1, 0.2),{'deltap': 0.1, 'deltas': 0.02, 'interval': 10000000, 'watch': (False, 18000000000, {}, 10), 'nrsamples': 2, 'throt': 0.01, 'hitThrot': 0.005}
ts_0,prn_1,hm_0,stg_1,wdev_0,src1_2,rsrch_0,109.518886
base,180551,10917,27388252.5426
base2,180337,21838,27321288.0152,0.997554990874
cache,161850,21834,24561683.4319,0.896796295921
ts_0,23,0.22957564616,0.235944236535,0.229334909067,True,45693
base,1989,1,44452,10490
base2,3978,1,44301,10781
cache,3785,0.2,41815,10479
prn_1,13,0.171864018052,0.177116857175,0.168960159805,True,54066
base,4411,1,51604,9292
base2,8823,1,51570,9576
cache,8397,0.4,49205,9135
hm_0,20,0.526803266294,0.541509148647,0.521699682444,True,26452
base,1157,1,25030,13935
base2,2315,1,25021,14324
cache,3057,0.4,20736,13800
stg_1,25,0.0823387096774,0.134435483871,0.11185483871,True,12400
base,957,1,12381,1021
base2,1915,1,12381,1667
cache,1822,0.1,6549,1387
wdev_0,17,0.469884488449,0.481298129813,0.469609460946,True,14544
base,714,1,14461,6834
base2,1428,1,14461,7000
cache,1358,0.3,13670,6830
src1_2,23,0.325929113107,0.334534502232,0.32071209595,True,18593
base,1120,1,18077,6060
base2,2241,1,18057,6220
cache,2333,1.0,17410,5963
rsrch_0,4,0.597002612402,0.599546267015,0.596177643338,True,14546
base,569,1,14546,8684
base2,1138,1,14546,8721
cache,1082,0.2,12465,8672
------------------------------------------------
4.8,3600,600,(0.1, 0.2),{'deltap': 0.1, 'deltas': 0.02, 'interval': 10000000, 'watch': (False, 18000000000, {}, 10), 'nrsamples': 2, 'throt': 0.01, 'hitThrot': 0.005}
ts_0,prn_1,hm_0,stg_1,wdev_0,src1_2,rsrch_0,114.9165
base,180551,10917,27388252.5426
base2,180337,21838,27321288.0152,0.997554990874
cache,161223,21833,24468061.337,0.893377965569
ts_0,23,0.22957564616,0.235944236535,0.229181712735,True,45693
base,1989,1,44452,10490
base2,3978,1,44301,10781
cache,3384,0.2,41802,10472
prn_1,13,0.171864018052,0.177116857175,0.168886176155,True,54066
base,4411,1,51604,9292
base2,8823,1,51570,9576
cache,7507,0.4,49198,9131
hm_0,20,0.526803266294,0.541509148647,0.522985029487,True,26452
base,1157,1,25030,13935
base2,2315,1,25021,14324
cache,2154,0.4,20776,13834
stg_1,25,0.0823387096774,0.134435483871,0.110887096774,True,12400
base,957,1,12381,1021
base2,1915,1,12381,1667
cache,1629,0.1,6586,1375
wdev_0,17,0.469884488449,0.481298129813,0.468646864686,True,14544
base,714,1,14461,6834
base2,1428,1,14461,7000
cache,1214,0.3,13698,6816
src1_2,23,0.325929113107,0.334534502232,0.317377507664,True,18593
base,1120,1,18077,6060
base2,2241,1,18057,6220
cache,4978,0.5,16639,5901
rsrch_0,4,0.597002612402,0.599546267015,0.594871442321,True,14546
base,569,1,14546,8684
base2,1138,1,14546,8721
cache,967,0.2,12524,8653
------------------------------------------------
4.8,3600,600,(0.1, 0.2),{'deltap': 0.1, 'deltas': 0.02, 'interval': 10000000, 'watch': (False, 18000000000, {}, 10), 'nrsamples': 2, 'throt': 0.01, 'hitThrot': 0.005}
ts_0,prn_1,hm_0,stg_1,wdev_0,src1_2,rsrch_0,100.303212
base,180551,10917,27388252.5426
base2,180337,21838,27321288.0152,0.997554990874
cache,161494,21834,24518177.7349,0.895207815716
ts_0,23,0.22957564616,0.235944236535,0.22883154969,True,45693
base,1989,1,44452,10490
base2,3978,1,44301,10781
cache,3328,0.2,41815,10456
prn_1,13,0.171864018052,0.177116857175,0.16892316798,True,54066
base,4411,1,51604,9292
base2,8823,1,51570,9576
cache,7383,0.4,49183,9133
hm_0,20,0.526803266294,0.541509148647,0.522833812188,True,26452
base,1157,1,25030,13935
base2,2315,1,25021,14324
cache,2590,0.5,21153,13830
stg_1,25,0.0823387096774,0.134435483871,0.11185483871,True,12400
base,957,1,12381,1021
base2,1915,1,12381,1667
cache,1602,0.1,6618,1387
wdev_0,17,0.469884488449,0.481298129813,0.467821782178,True,14544
base,714,1,14461,6834
base2,1428,1,14461,7000
cache,1194,0.3,13680,6804
src1_2,23,0.325929113107,0.334534502232,0.317162372936,True,18593
base,1120,1,18077,6060
base2,2241,1,18057,6220
cache,4785,0.5,16579,5897
rsrch_0,4,0.597002612402,0.599546267015,0.594390210367,True,14546
base,569,1,14546,8684
base2,1138,1,14546,8721
cache,952,0.2,12466,8646
------------------------------------------------
4.8,3600,600,(0.1, 0.2),{'deltap': 0.1, 'deltas': 0.02, 'interval': 10000000, 'watch': (False, 18000000000, {}, 10), 'nrsamples': 2, 'throt': 0.01, 'hitThrot': 0.005}
ts_0,prn_1,hm_0,stg_1,wdev_0,src1_2,rsrch_0,103.550448
base,180551,10917,27388252.5426
base2,180337,21838,27321288.0152,0.997554990874
cache,160838,21836,24431931.504,0.892058792945
ts_0,23,0.22957564616,0.235944236535,0.228131223601,True,45693
base,1989,1,44452,10490
base2,3978,1,44301,10781
cache,3389,0.2,41749,10424
prn_1,13,0.171864018052,0.177116857175,0.168516257907,True,54066
base,4411,1,51604,9292
base2,8823,1,51570,9576
cache,7517,0.4,49155,9111
hm_0,20,0.526803266294,0.541509148647,0.520376531075,True,26452
base,1157,1,25030,13935
base2,2315,1,25021,14324
cache,2162,0.4,20720,13765
stg_1,25,0.0823387096774,0.134435483871,0.110322580645,True,12400
base,957,1,12381,1021
base2,1915,1,12381,1667
cache,1631,0.1,6441,1368
wdev_0,17,0.469884488449,0.481298129813,0.468646864686,True,14544
base,714,1,14461,6834
base2,1428,1,14461,7000
cache,1216,0.3,13721,6816
src1_2,23,0.325929113107,0.334534502232,0.316140482977,True,18593
base,1120,1,18077,6060
base2,2241,1,18057,6220
cache,4952,0.5,16580,5878
rsrch_0,4,0.597002612402,0.599546267015,0.596383885604,True,14546
base,569,1,14546,8684
base2,1138,1,14546,8721
cache,969,0.2,12472,8675
------------------------------------------------
4.8,3600,600,(0.1, 0.2),{'deltap': 0.1, 'deltas': 0.02, 'interval': 10000000, 'watch': (False, 18000000000, {}, 10), 'nrsamples': 2, 'throt': 0.01, 'hitThrot': 0.005}
ts_0,prn_1,hm_0,stg_1,wdev_0,src1_2,rsrch_0,100.592765
base,180551,10917,27388252.5426
base2,180337,21838,27321288.0152,0.997554990874
cache,161445,21834,24518177.7349,0.895207815716
ts_0,23,0.22957564616,0.235944236535,0.229269253496,True,45693
base,1989,1,44452,10490
base2,3978,1,44301,10781
cache,3328,0.2,41819,10476
prn_1,13,0.171864018052,0.177116857175,0.168479266082,True,54066
base,4411,1,51604,9292
base2,8823,1,51570,9576
cache,7383,0.4,49193,9109
hm_0,20,0.526803266294,0.541509148647,0.52253137759,True,26452
base,1157,1,25030,13935
base2,2315,1,25021,14324
cache,2590,0.5,21135,13822
stg_1,25,0.0823387096774,0.134435483871,0.113951612903,True,12400
base,957,1,12381,1021
base2,1915,1,12381,1667
cache,1602,0.1,6575,1413
wdev_0,17,0.469884488449,0.481298129813,0.468440594059,True,14544
base,714,1,14461,6834
base2,1428,1,14461,7000
cache,1194,0.3,13670,6813
src1_2,23,0.325929113107,0.334534502232,0.3172699403,True,18593
base,1120,1,18077,6060
base2,2241,1,18057,6220
cache,4785,0.5,16595,5899
rsrch_0,4,0.597002612402,0.599546267015,0.594527705211,True,14546
base,569,1,14546,8684
base2,1138,1,14546,8721
cache,952,0.2,12458,8648
------------------------------------------------
4.8,3600,600,(0.1, 0.2),{'deltap': 0.1, 'deltas': 0.02, 'interval': 10000000, 'watch': (False, 18000000000, {}, 10), 'nrsamples': 2, 'throt': 0.01, 'hitThrot': 0.005}
ts_0,prn_1,hm_0,stg_1,wdev_0,src1_2,rsrch_0,91.048732
base,180551,10917,27388252.5426
base2,180337,21838,27321288.0152,0.997554990874
cache,160258,21834,24335164.8777,0.888525649452
ts_0,23,0.22957564616,0.235944236535,0.229444335018,True,45693
base,1989,1,44452,10490
base2,3978,1,44301,10781
cache,3328,0.2,41842,10484
prn_1,13,0.171864018052,0.177116857175,0.169348573965,True,54066
base,4411,1,51604,9292
base2,8823,1,51570,9576
cache,7383,0.4,49182,9156
hm_0,20,0.526803266294,0.541509148647,0.522002117042,True,26452
base,1157,1,25030,13935
base2,2315,1,25021,14324
cache,2590,0.4,20769,13808
stg_1,25,0.0823387096774,0.134435483871,0.114112903226,True,12400
base,957,1,12381,1021
base2,1915,1,12381,1667
cache,1602,0.1,5798,1415
wdev_0,17,0.469884488449,0.481298129813,0.468371837184,True,14544
base,714,1,14461,6834
base2,1428,1,14461,7000
cache,1194,0.3,13681,6812
src1_2,23,0.325929113107,0.334534502232,0.316248050342,True,18593
base,1120,1,18077,6060
base2,2241,1,18057,6220
cache,4785,0.5,16509,5880
rsrch_0,4,0.597002612402,0.599546267015,0.594665200055,True,14546
base,569,1,14546,8684
base2,1138,1,14546,8721
cache,952,0.2,12477,8650
------------------------------------------------
4.8,3600,600,(0.1, 0.2),{'deltap': 0.1, 'deltas': 0.02, 'interval': 10000000, 'watch': (False, 18000000000, {}, 10), 'nrsamples': 2, 'throt': 0.01, 'hitThrot': 0.005}
ts_0,prn_1,hm_0,stg_1,wdev_0,src1_2,rsrch_0,95.685845
base,180551,10917,27388252.5426
base2,180337,21838,27321288.0152,0.997554990874
cache,160771,21835,24356676.2965,0.889311074469
ts_0,23,0.22957564616,0.235944236535,0.229094171974,True,45693
base,1989,1,44452,10490
base2,3978,1,44301,10781
cache,3302,0.2,41797,10468
prn_1,13,0.171864018052,0.177116857175,0.168886176155,True,54066
base,4411,1,51604,9292
base2,8823,1,51570,9576
cache,7325,0.4,49181,9131
hm_0,20,0.526803266294,0.541509148647,0.520376531075,True,26452
base,1157,1,25030,13935
base2,2315,1,25021,14324
cache,2795,0.4,20636,13765
stg_1,25,0.0823387096774,0.134435483871,0.11064516129,True,12400
base,957,1,12381,1021
base2,1915,1,12381,1667
cache,1590,0.1,6498,1372
wdev_0,17,0.469884488449,0.481298129813,0.468990649065,True,14544
base,714,1,14461,6834
base2,1428,1,14461,7000
cache,1185,0.3,13650,6821
src1_2,23,0.325929113107,0.334534502232,0.316140482977,True,18593
base,1120,1,18077,6060
base2,2241,1,18057,6220
cache,4694,0.5,16571,5878
rsrch_0,4,0.597002612402,0.599546267015,0.594940189743,True,14546
base,569,1,14546,8684
base2,1138,1,14546,8721
cache,944,0.2,12438,8654
------------------------------------------------
4.8,3600,600,(0.1, 0.2),{'deltap': 0.1, 'deltas': 0.02, 'interval': 10000000, 'watch': (False, 18000000000, {}, 10), 'nrsamples': 2, 'throt': 0.01, 'hitThrot': 0.005}
ts_0,prn_1,hm_0,stg_1,wdev_0,src1_2,rsrch_0,145.245742
base,180551,10917,27388252.5426
base2,180337,21838,27321288.0152,0.997554990874
cache,160968,21834,24413340.3387,0.891379992233
ts_0,23,0.22957564616,0.235944236535,0.229466220209,True,45693
base,1989,1,44452,10490
base2,3978,1,44301,10781
cache,3328,0.2,41773,10485
prn_1,13,0.171864018052,0.177116857175,0.168553249732,True,54066
base,4411,1,51604,9292
base2,8823,1,51570,9576
cache,7383,0.4,49181,9113
hm_0,20,0.526803266294,0.541509148647,0.522417964615,True,26452
base,1157,1,25030,13935
base2,2315,1,25021,14324
cache,2590,0.4,20778,13819
stg_1,25,0.0823387096774,0.134435483871,0.11064516129,True,12400
base,957,1,12381,1021
base2,1915,1,12381,1667
cache,1602,0.1,6496,1372
wdev_0,17,0.469884488449,0.481298129813,0.468303080308,True,14544
base,714,1,14461,6834
base2,1428,1,14461,7000
cache,1194,0.3,13646,6811
src1_2,23,0.325929113107,0.334534502232,0.318453181305,True,18593
base,1120,1,18077,6060
base2,2241,1,18057,6220
cache,4785,0.5,16642,5921
rsrch_0,4,0.597002612402,0.599546267015,0.596040148494,True,14546
base,569,1,14546,8684
base2,1138,1,14546,8721
cache,952,0.2,12452,8670
------------------------------------------------
4.8,3600,600,(0.1, 0.2),{'deltap': 0.1, 'deltas': 0.02, 'interval': 10000000, 'watch': (False, 18000000000, {}, 10), 'nrsamples': 2, 'throt': 0.01, 'hitThrot': 0.005}
ts_0,prn_1,hm_0,stg_1,wdev_0,src1_2,rsrch_0,102.113589
base,180551,10917,27388252.5426
base2,180337,21838,27321288.0152,0.997554990874
cache,160730,21833,24359616.1049,0.889418412768
ts_0,23,0.22957564616,0.235944236535,0.228634582978,True,45693
base,1989,1,44452,10490
base2,3978,1,44301,10781
cache,3384,0.2,41757,10447
prn_1,13,0.171864018052,0.177116857175,0.168442274257,True,54066
base,4411,1,51604,9292
base2,8823,1,51570,9576
cache,7507,0.4,49088,9107
hm_0,20,0.526803266294,0.541509148647,0.52135944352,True,26452
base,1157,1,25030,13935
base2,2315,1,25021,14324
cache,2154,0.4,20660,13791
stg_1,25,0.0823387096774,0.134435483871,0.112580645161,True,12400
base,957,1,12381,1021
base2,1915,1,12381,1667
cache,1629,0.1,6574,1396
wdev_0,17,0.469884488449,0.481298129813,0.468578107811,True,14544
base,714,1,14461,6834
base2,1428,1,14461,7000
cache,1214,0.3,13681,6815
src1_2,23,0.325929113107,0.334534502232,0.3172699403,True,18593
base,1120,1,18077,6060
base2,2241,1,18057,6220
cache,4978,0.5,16545,5899
rsrch_0,4,0.597002612402,0.599546267015,0.594458957789,True,14546
base,569,1,14546,8684
base2,1138,1,14546,8721
cache,967,0.2,12425,8647
------------------------------------------------
4.8,3600,600,(0.1, 0.2),{'deltap': 0.1, 'deltas': 0.02, 'interval': 10000000, 'watch': (False, 18000000000, {}, 10), 'nrsamples': 2, 'throt': 0.01, 'hitThrot': 0.005}
ts_0,prn_1,hm_0,stg_1,wdev_0,src1_2,rsrch_0,100.456067
base,180551,10917,27388252.5426
base2,180337,21838,27321288.0152,0.997554990874
cache,160827,21833,24434653.3983,0.892158174761
ts_0,23,0.22957564616,0.235944236535,0.228744008929,True,45693
base,1989,1,44452,10490
base2,3978,1,44301,10781
cache,3384,0.2,41808,10452
prn_1,13,0.171864018052,0.177116857175,0.168571745644,True,54066
base,4411,1,51604,9292
base2,8823,1,51570,9576
cache,7507,0.4,49172,9114
hm_0,20,0.526803266294,0.541509148647,0.521094813247,True,26452
base,1157,1,25030,13935
base2,2315,1,25021,14324
cache,2154,0.4,20690,13784
stg_1,25,0.0823387096774,0.134435483871,0.108387096774,True,12400
base,957,1,12381,1021
base2,1915,1,12381,1667
cache,1629,0.1,6517,1344
wdev_0,17,0.469884488449,0.481298129813,0.469196919692,True,14544
base,714,1,14461,6834
base2,1428,1,14461,7000
cache,1214,0.3,13679,6824
src1_2,23,0.325929113107,0.334534502232,0.316355617706,True,18593
base,1120,1,18077,6060
base2,2241,1,18057,6220
cache,4978,0.5,16496,5882
rsrch_0,4,0.597002612402,0.599546267015,0.594596452633,True,14546
base,569,1,14546,8684
base2,1138,1,14546,8721
cache,967,0.2,12465,8649
------------------------------------------------
4.8,3600,600,(0.1, 0.2),{'deltap': 0.1, 'deltas': 0.02, 'interval': 10000000, 'watch': (False, 18000000000, {}, 10), 'nrsamples': 2, 'throt': 0.01, 'hitThrot': 0.005}
ts_0,prn_1,hm_0,stg_1,wdev_0,src1_2,rsrch_0,104.641551
base,180551,10917,27388252.5426
base2,180337,21838,27321288.0152,0.997554990874
cache,160965,21834,24420898.0541,0.891655939573
ts_0,23,0.22957564616,0.235944236535,0.228853434881,True,45693
base,1989,1,44452,10490
base2,3978,1,44301,10781
cache,3328,0.2,41765,10457
prn_1,13,0.171864018052,0.177116857175,0.168701217031,True,54066
base,4411,1,51604,9292
base2,8823,1,51570,9576
cache,7383,0.4,49194,9121
hm_0,20,0.526803266294,0.541509148647,0.520716769998,True,26452
base,1157,1,25030,13935
base2,2315,1,25021,14324
cache,2590,0.4,20746,13774
stg_1,25,0.0823387096774,0.134435483871,0.109919354839,True,12400
base,957,1,12381,1021
base2,1915,1,12381,1667
cache,1602,0.1,6546,1363
wdev_0,17,0.469884488449,0.481298129813,0.468028052805,True,14544
base,714,1,14461,6834
base2,1428,1,14461,7000
cache,1194,0.3,13684,6807
src1_2,23,0.325929113107,0.334534502232,0.318614532351,True,18593
base,1120,1,18077,6060
base2,2241,1,18057,6220
cache,4785,0.5,16585,5924
rsrch_0,4,0.597002612402,0.599546267015,0.596040148494,True,14546
base,569,1,14546,8684
base2,1138,1,14546,8721
cache,952,0.2,12445,8670
------------------------------------------------
4.8,3600,600,(0.1, 0.2),{'deltap': 0.1, 'deltas': 0.02, 'interval': 10000000, 'watch': (False, 18000000000, {}, 10), 'nrsamples': 2, 'throt': 0.01, 'hitThrot': 0.005}
ts_0,prn_1,hm_0,stg_1,wdev_0,src1_2,rsrch_0,88.154294
base,180551,10917,27388252.5426
base2,180337,21838,27321288.0152,0.997554990874
cache,160455,21834,24311057.5927,0.887645444152
ts_0,23,0.22957564616,0.235944236535,0.22878777931,True,45693
base,1989,1,44452,10490
base2,3978,1,44301,10781
cache,3328,0.2,41808,10454
prn_1,13,0.171864018052,0.177116857175,0.168571745644,True,54066
base,4411,1,51604,9292
base2,8823,1,51570,9576
cache,7383,0.4,49190,9114
hm_0,20,0.526803266294,0.541509148647,0.520452139725,True,26452
base,1157,1,25030,13935
base2,2315,1,25021,14324
cache,2590,0.4,20744,13767
stg_1,25,0.0823387096774,0.134435483871,0.119516129032,True,12400
base,957,1,12381,1021
base2,1915,1,12381,1667
cache,1602,0.1,5963,1482
wdev_0,17,0.469884488449,0.481298129813,0.468371837184,True,14544
base,714,1,14461,6834
base2,1428,1,14461,7000
cache,1194,0.3,13642,6812
src1_2,23,0.325929113107,0.334534502232,0.317969128167,True,18593
base,1120,1,18077,6060
base2,2241,1,18057,6220
cache,4785,0.5,16594,5912
rsrch_0,4,0.597002612402,0.599546267015,0.594871442321,True,14546
base,569,1,14546,8684
base2,1138,1,14546,8721
cache,952,0.2,12514,8653
------------------------------------------------
4.8,3600,600,(0.1, 0.2),{'deltap': 0.1, 'deltas': 0.02, 'interval': 10000000, 'watch': (False, 18000000000, {}, 10), 'nrsamples': 2, 'throt': 0.01, 'hitThrot': 0.005}
ts_0,prn_1,hm_0,stg_1,wdev_0,src1_2,rsrch_0,90.290064
base,180551,10917,27388252.5426
base2,180337,21838,27321288.0152,0.997554990874
cache,160269,21835,24335164.8777,0.888525649452
ts_0,23,0.22957564616,0.235944236535,0.228634582978,True,45693
base,1989,1,44452,10490
base2,3978,1,44301,10781
cache,3356,0.2,41751,10447
prn_1,13,0.171864018052,0.177116857175,0.169089631192,True,54066
base,4411,1,51604,9292
base2,8823,1,51570,9576
cache,7444,0.4,49228,9142
hm_0,20,0.526803266294,0.541509148647,0.521624073794,True,26452
base,1157,1,25030,13935
base2,2315,1,25021,14324
cache,2377,0.4,20671,13798
stg_1,25,0.0823387096774,0.134435483871,0.117822580645,True,12400
base,957,1,12381,1021
base2,1915,1,12381,1667
cache,1615,0.1,5919,1461
wdev_0,17,0.469884488449,0.481298129813,0.468440594059,True,14544
base,714,1,14461,6834
base2,1428,1,14461,7000
cache,1204,0.3,13661,6813
src1_2,23,0.325929113107,0.334534502232,0.31673210348,True,18593
base,1120,1,18077,6060
base2,2241,1,18057,6220
cache,4880,0.5,16591,5889
rsrch_0,4,0.597002612402,0.599546267015,0.595352674275,True,14546
base,569,1,14546,8684
base2,1138,1,14546,8721
cache,959,0.2,12448,8660
------------------------------------------------
4.8,3600,600,(0.1, 0.2),{'deltap': 0.1, 'deltas': 0.02, 'interval': 10000000, 'watch': (False, 18000000000, {}, 10), 'nrsamples': 2, 'throt': 0.01, 'hitThrot': 0.005}
ts_0,prn_1,hm_0,stg_1,wdev_0,src1_2,rsrch_0,139.716155
base,180551,10917,27388252.5426
base2,180337,21838,27321288.0152,0.997554990874
cache,160837,21833,24431931.504,0.892058792945
ts_0,23,0.22957564616,0.235944236535,0.228590812597,True,45693
base,1989,1,44452,10490
base2,3978,1,44301,10781
cache,3384,0.2,41728,10445
prn_1,13,0.171864018052,0.177116857175,0.168349794695,True,54066
base,4411,1,51604,9292
base2,8823,1,51570,9576
cache,7507,0.4,49189,9102
hm_0,20,0.526803266294,0.541509148647,0.52238016029,True,26452
base,1157,1,25030,13935
base2,2315,1,25021,14324
cache,2154,0.4,20740,13818
stg_1,25,0.0823387096774,0.134435483871,0.108548387097,True,12400
base,957,1,12381,1021
base2,1915,1,12381,1667
cache,1629,0.1,6473,1346
wdev_0,17,0.469884488449,0.481298129813,0.468096809681,True,14544
base,714,1,14461,6834
base2,1428,1,14461,7000
cache,1214,0.3,13653,6808
src1_2,23,0.325929113107,0.334534502232,0.319098585489,True,18593
base,1120,1,18077,6060
base2,2241,1,18057,6220
cache,4978,0.5,16611,5933
rsrch_0,4,0.597002612402,0.599546267015,0.594527705211,True,14546
base,569,1,14546,8684
base2,1138,1,14546,8721
cache,967,0.2,12443,8648
------------------------------------------------
4.8,3600,600,(0.1, 0.2),{'deltap': 0.1, 'deltas': 0.02, 'interval': 10000000, 'watch': (False, 18000000000, {}, 10), 'nrsamples': 2, 'throt': 0.01, 'hitThrot': 0.005}
ts_0,prn_1,hm_0,stg_1,wdev_0,src1_2,rsrch_0,98.689641
base,180551,10917,27388252.5426
base2,180337,21838,27321288.0152,0.997554990874
cache,160957,21835,24420898.0541,0.891655939573
ts_0,23,0.22957564616,0.235944236535,0.229444335018,True,45693
base,1989,1,44452,10490
base2,3978,1,44301,10781
cache,3356,0.2,41784,10484
prn_1,13,0.171864018052,0.177116857175,0.169015647542,True,54066
base,4411,1,51604,9292
base2,8823,1,51570,9576
cache,7444,0.4,49204,9138
hm_0,20,0.526803266294,0.541509148647,0.521057008922,True,26452
base,1157,1,25030,13935
base2,2315,1,25021,14324
cache,2377,0.4,20738,13783
stg_1,25,0.0823387096774,0.134435483871,0.111693548387,True,12400
base,957,1,12381,1021
base2,1915,1,12381,1667
cache,1615,0.1,6539,1385
wdev_0,17,0.469884488449,0.481298129813,0.467890539054,True,14544
base,714,1,14461,6834
base2,1428,1,14461,7000
cache,1204,0.3,13691,6805
src1_2,23,0.325929113107,0.334534502232,0.316140482977,True,18593
base,1120,1,18077,6060
base2,2241,1,18057,6220
cache,4880,0.5,16552,5878
rsrch_0,4,0.597002612402,0.599546267015,0.593977725835,True,14546
base,569,1,14546,8684
base2,1138,1,14546,8721
cache,959,0.2,12449,8640
------------------------------------------------
4.8,3600,600,(0.1, 0.2),{'deltap': 0.1, 'deltas': 0.02, 'interval': 10000000, 'watch': (False, 18000000000, {}, 10), 'nrsamples': 2, 'throt': 0.01, 'hitThrot': 0.005}
ts_0,prn_1,hm_0,stg_1,wdev_0,src1_2,rsrch_0,103.161317
base,180551,10917,27388252.5426
base2,180337,21838,27321288.0152,0.997554990874
cache,160964,21834,24420898.0541,0.891655939573
ts_0,23,0.22957564616,0.235944236535,0.229225483116,True,45693
base,1989,1,44452,10490
base2,3978,1,44301,10781
cache,3328,0.2,41813,10474
prn_1,13,0.171864018052,0.177116857175,0.168756704768,True,54066
base,4411,1,51604,9292
base2,8823,1,51570,9576
cache,7383,0.4,49166,9124
hm_0,20,0.526803266294,0.541509148647,0.520754574323,True,26452
base,1157,1,25030,13935
base2,2315,1,25021,14324
cache,2590,0.4,20616,13775
stg_1,25,0.0823387096774,0.134435483871,0.111612903226,True,12400
base,957,1,12381,1021
base2,1915,1,12381,1667
cache,1602,0.1,6553,1384
wdev_0,17,0.469884488449,0.481298129813,0.468371837184,True,14544
base,714,1,14461,6834
base2,1428,1,14461,7000
cache,1194,0.3,13637,6812
src1_2,23,0.325929113107,0.334534502232,0.318345613941,True,18593
base,1120,1,18077,6060
base2,2241,1,18057,6220
cache,4785,0.5,16615,5919
rsrch_0,4,0.597002612402,0.599546267015,0.595283926853,True,14546
base,569,1,14546,8684
base2,1138,1,14546,8721
cache,952,0.2,12564,8659
------------------------------------------------
4.8,3600,600,(0.1, 0.2),{'deltap': 0.1, 'deltas': 0.02, 'interval': 10000000, 'watch': (False, 18000000000, {}, 10), 'nrsamples': 2, 'throt': 0.01, 'hitThrot': 0.005}
ts_0,prn_1,hm_0,stg_1,wdev_0,src1_2,rsrch_0,98.265076
base,180551,10917,27388252.5426
base2,180337,21838,27321288.0152,0.997554990874
cache,160328,21834,24326189.2099,0.888197929829
ts_0,23,0.22957564616,0.235944236535,0.228371960694,True,45693
base,1989,1,44452,10490
base2,3978,1,44301,10781
cache,3374,0.2,41771,10435
prn_1,13,0.171864018052,0.177116857175,0.168904672067,True,54066
base,4411,1,51604,9292
base2,8823,1,51570,9576
cache,7485,0.4,49187,9132
hm_0,20,0.526803266294,0.541509148647,0.520565552699,True,26452
base,1157,1,25030,13935
base2,2315,1,25021,14324
cache,2140,0.4,20693,13770
stg_1,25,0.0823387096774,0.134435483871,0.117580645161,True,12400
base,957,1,12381,1021
base2,1915,1,12381,1667
cache,1624,0.1,5940,1458
wdev_0,17,0.469884488449,0.481298129813,0.469196919692,True,14544
base,714,1,14461,6834
base2,1428,1,14461,7000
cache,1211,0.3,13687,6824
src1_2,23,0.325929113107,0.334534502232,0.317592642392,True,18593
base,1120,1,18077,6060
base2,2241,1,18057,6220
cache,5035,0.5,16568,5905
rsrch_0,4,0.597002612402,0.599546267015,0.596315138182,True,14546
base,569,1,14546,8684
base2,1138,1,14546,8721
cache,965,0.2,12482,8674
------------------------------------------------
4.8,3600,600,(0.1, 0.3),{'deltap': 0.1, 'deltas': 0.02, 'interval': 10000000, 'watch': (False, 18000000000, {}, 10), 'nrsamples': 2, 'throt': 0.01, 'hitThrot': 0.005}
ts_0,prn_1,hm_0,stg_1,wdev_0,src1_2,rsrch_0,184.473461
base,180551,10917,27388252.5426
base2,179575,32758,27235177.8213,0.99441093509
cache,164390,32754,24952651.0353,0.911071306813
ts_0,23,0.22957564616,0.248243713479,0.236206858819,True,45693
base,1989,1,44452,10490
base2,5967,1,43741,11343
cache,6169,0.2,41463,10793
prn_1,13,0.171864018052,0.180483113232,0.172048977176,True,54066
base,4411,1,51604,9292
base2,13235,1,51565,9758
cache,13683,0.4,49119,9302
hm_0,20,0.526803266294,0.548313927113,0.534175109633,True,26452
base,1157,1,25030,13935
base2,3473,1,25012,14504
cache,3590,0.2,20485,14130
stg_1,25,0.0823387096774,0.176693548387,0.145483870968,True,12400
base,957,1,12381,1021
base2,2872,1,12381,2191
cache,2969,0.2,9838,1804
wdev_0,17,0.469884488449,0.4824669967,0.468234323432,True,14544
base,714,1,14461,6834
base2,2142,1,14461,7017
cache,2214,0.3,13640,6810
src1_2,23,0.325929113107,0.351852847846,0.319367503899,True,18593
base,1120,1,18077,6060
base2,3362,1,17869,6542
cache,2364,1.0,17314,5938
rsrch_0,4,0.597002612402,0.606077272102,0.599408772171,True,14546
base,569,1,14546,8684
base2,1707,1,14546,8816
cache,1765,0.2,12531,8719
------------------------------------------------
4.8,3600,600,(0.1, 0.3),{'deltap': 0.1, 'deltas': 0.02, 'interval': 10000000, 'watch': (False, 18000000000, {}, 10), 'nrsamples': 2, 'throt': 0.01, 'hitThrot': 0.005}
ts_0,prn_1,hm_0,stg_1,wdev_0,src1_2,rsrch_0,182.150561
base,180551,10917,27388252.5426
base2,179575,32758,27235177.8213,0.99441093509
cache,164013,32755,24869709.5022,0.908042945182
ts_0,23,0.22957564616,0.248243713479,0.239752259646,True,45693
base,1989,1,44452,10490
base2,5967,1,43741,11343
cache,6103,0.2,41290,10955
prn_1,13,0.171864018052,0.180483113232,0.171623571191,True,54066
base,4411,1,51604,9292
base2,13235,1,51565,9758
cache,13539,0.4,49121,9279
hm_0,20,0.526803266294,0.548313927113,0.531906850144,True,26452
base,1157,1,25030,13935
base2,3473,1,25012,14504
cache,3553,0.2,20320,14070
stg_1,25,0.0823387096774,0.176693548387,0.145483870968,True,12400
base,957,1,12381,1021
base2,2872,1,12381,2191
cache,2938,0.2,9840,1804
wdev_0,17,0.469884488449,0.4824669967,0.468509350935,True,14544
base,714,1,14461,6834
base2,2142,1,14461,7017
cache,2190,0.3,13646,6814
src1_2,23,0.325929113107,0.351852847846,0.321357500134,True,18593
base,1120,1,18077,6060
base2,3362,1,17869,6542
cache,2685,1.0,17354,5975
rsrch_0,4,0.597002612402,0.606077272102,0.599133782483,True,14546
base,569,1,14546,8684
base2,1707,1,14546,8816
cache,1747,0.2,12442,8715
------------------------------------------------
4.8,3600,600,(0.1, 0.3),{'deltap': 0.1, 'deltas': 0.02, 'interval': 10000000, 'watch': (False, 18000000000, {}, 10), 'nrsamples': 2, 'throt': 0.01, 'hitThrot': 0.005}
ts_0,prn_1,hm_0,stg_1,wdev_0,src1_2,rsrch_0,164.228148
base,180551,10917,27388252.5426
base2,179575,32758,27235177.8213,0.99441093509
cache,163938,32755,24879623.4681,0.908404923952
ts_0,23,0.22957564616,0.248243713479,0.235922351345,True,45693
base,1989,1,44452,10490
base2,5967,1,43741,11343
cache,6237,0.2,41399,10780
prn_1,13,0.171864018052,0.180483113232,0.168553249732,True,54066
base,4411,1,51604,9292
base2,13235,1,51565,9758
cache,13835,0.4,49119,9113
hm_0,20,0.526803266294,0.548313927113,0.534969000454,True,26452
base,1157,1,25030,13935
base2,3473,1,25012,14504
cache,3630,0.2,20416,14151
stg_1,25,0.0823387096774,0.176693548387,0.143225806452,True,12400
base,957,1,12381,1021
base2,2872,1,12381,2191
cache,3002,0.2,9817,1776
wdev_0,17,0.469884488449,0.4824669967,0.467684268427,True,14544
base,714,1,14461,6834
base2,2142,1,14461,7017
cache,2238,0.4,13748,6802
src1_2,23,0.325929113107,0.351852847846,0.319421287581,True,18593
base,1120,1,18077,6060
base2,3362,1,17869,6542
cache,2028,1,17018,5939
rsrch_0,4,0.597002612402,0.606077272102,0.598515055685,True,14546
base,569,1,14546,8684
base2,1707,1,14546,8816
cache,1785,0.2,12421,8706
------------------------------------------------
4.8,3600,600,(0.1, 0.3),{'deltap': 0.1, 'deltas': 0.02, 'interval': 10000000, 'watch': (False, 18000000000, {}, 10), 'nrsamples': 2, 'throt': 0.01, 'hitThrot': 0.005}
ts_0,prn_1,hm_0,stg_1,wdev_0,src1_2,rsrch_0,393.053768
base,180551,10917,27388252.5426
base2,179575,32758,27235177.8213,0.99441093509
cache,164105,32754,24854681.9414,0.907494258817
ts_0,23,0.22957564616,0.248243713479,0.236557021863,True,45693
base,1989,1,44452,10490
base2,5967,1,43741,11343
cache,5966,0.2,41449,10809
prn_1,13,0.171864018052,0.180483113232,0.172104464913,True,54066
base,4411,1,51604,9292
base2,13235,1,51565,9758
cache,13234,0.4,49153,9305
hm_0,20,0.526803266294,0.548313927113,0.532511719341,True,26452
base,1157,1,25030,13935
base2,3473,1,25012,14504
cache,3473,0.2,20270,14086
stg_1,25,0.0823387096774,0.176693548387,0.145403225806,True,12400
base,957,1,12381,1021
base2,2872,1,12381,2191
cache,2871,0.2,9886,1803
wdev_0,17,0.469884488449,0.4824669967,0.468303080308,True,14544
base,714,1,14461,6834
base2,2142,1,14461,7017
cache,2141,0.3,13634,6811
src1_2,23,0.325929113107,0.351852847846,0.321411283816,True,18593
base,1120,1,18077,6060
base2,3362,1,17869,6542
cache,3362,0.8,17252,5976
rsrch_0,4,0.597002612402,0.606077272102,0.599065035061,True,14546
base,569,1,14546,8684
base2,1707,1,14546,8816
cache,1707,0.2,12461,8714
------------------------------------------------
4.8,3600,600,(0.1, 0.3),{'deltap': 0.1, 'deltas': 0.02, 'interval': 10000000, 'watch': (False, 18000000000, {}, 10), 'nrsamples': 2, 'throt': 0.01, 'hitThrot': 0.005}
ts_0,prn_1,hm_0,stg_1,wdev_0,src1_2,rsrch_0,184.114934
base,180551,10917,27388252.5426
base2,179575,32758,27235177.8213,0.99441093509
cache,164157,32755,24842954.6192,0.907066070775
ts_0,23,0.22957564616,0.248243713479,0.240168078261,True,45693
base,1989,1,44452,10490
base2,5967,1,43741,11343
cache,6103,0.2,41291,10974
prn_1,13,0.171864018052,0.180483113232,0.171901009877,True,54066
base,4411,1,51604,9292
base2,13235,1,51565,9758
cache,13539,0.4,49175,9294
hm_0,20,0.526803266294,0.548313927113,0.534212913957,True,26452
base,1157,1,25030,13935
base2,3473,1,25012,14504
cache,3553,0.2,20493,14131
stg_1,25,0.0823387096774,0.176693548387,0.142338709677,True,12400
base,957,1,12381,1021
base2,2872,1,12381,2191
cache,2938,0.2,9833,1765
wdev_0,17,0.469884488449,0.4824669967,0.467409240924,True,14544
base,714,1,14461,6834
base2,2142,1,14461,7017
cache,2190,0.3,13581,6798
src1_2,23,0.325929113107,0.351852847846,0.32124993277,True,18593
base,1120,1,18077,6060
base2,3362,1,17869,6542
cache,2685,1.0,17289,5973
rsrch_0,4,0.597002612402,0.606077272102,0.599202529905,True,14546
base,569,1,14546,8684
base2,1707,1,14546,8816
cache,1747,0.2,12495,8716
------------------------------------------------
4.8,3600,600,(0.1, 0.3),{'deltap': 0.1, 'deltas': 0.02, 'interval': 10000000, 'watch': (False, 18000000000, {}, 10), 'nrsamples': 2, 'throt': 0.01, 'hitThrot': 0.005}
ts_0,prn_1,hm_0,stg_1,wdev_0,src1_2,rsrch_0,304.291879
base,180551,10917,27388252.5426
base2,179575,32758,27235177.8213,0.99441093509
cache,163993,32754,24875843.1531,0.908266897072
ts_0,23,0.22957564616,0.248243713479,0.239730374456,True,45693
base,1989,1,44452,10490
base2,5967,1,43741,11343
cache,5966,0.2,41224,10954
prn_1,13,0.171864018052,0.180483113232,0.171956497614,True,54066
base,4411,1,51604,9292
base2,13235,1,51565,9758
cache,13234,0.4,49186,9297
hm_0,20,0.526803266294,0.548313927113,0.532851958264,True,26452
base,1157,1,25030,13935
base2,3473,1,25012,14504
cache,3473,0.2,20394,14095
stg_1,25,0.0823387096774,0.176693548387,0.142741935484,True,12400
base,957,1,12381,1021
base2,2872,1,12381,2191
cache,2871,0.2,9821,1770
wdev_0,17,0.469884488449,0.4824669967,0.468028052805,True,14544
base,714,1,14461,6834
base2,2142,1,14461,7017
cache,2141,0.3,13599,6807
src1_2,23,0.325929113107,0.351852847846,0.321411283816,True,18593
base,1120,1,18077,6060
base2,3362,1,17869,6542
cache,3362,0.9,17293,5976
rsrch_0,4,0.597002612402,0.606077272102,0.598721297951,True,14546
base,569,1,14546,8684
base2,1707,1,14546,8816
cache,1707,0.2,12476,8709
------------------------------------------------
4.8,3600,600,(0.1, 0.3),{'deltap': 0.1, 'deltas': 0.02, 'interval': 10000000, 'watch': (False, 18000000000, {}, 10), 'nrsamples': 2, 'throt': 0.01, 'hitThrot': 0.005}
ts_0,prn_1,hm_0,stg_1,wdev_0,src1_2,rsrch_0,183.822463
base,180551,10917,27388252.5426
base2,179575,32758,27235177.8213,0.99441093509
cache,164195,32755,24966561.7899,0.911579216348
ts_0,23,0.22957564616,0.248243713479,0.236360055151,True,45693
base,1989,1,44452,10490
base2,5967,1,43741,11343
cache,6103,0.2,41450,10800
prn_1,13,0.171864018052,0.180483113232,0.17138312433,True,54066
base,4411,1,51604,9292
base2,13235,1,51565,9758
cache,13539,0.4,49166,9266
hm_0,20,0.526803266294,0.548313927113,0.531982458793,True,26452
base,1157,1,25030,13935
base2,3473,1,25012,14504
cache,3553,0.2,20382,14072
stg_1,25,0.0823387096774,0.176693548387,0.141935483871,True,12400
base,957,1,12381,1021
base2,2872,1,12381,2191
cache,2938,0.2,9771,1760
wdev_0,17,0.469884488449,0.4824669967,0.468578107811,True,14544
base,714,1,14461,6834
base2,2142,1,14461,7017
cache,2190,0.3,13644,6815
src1_2,23,0.325929113107,0.351852847846,0.321034798042,True,18593
base,1120,1,18077,6060
base2,3362,1,17869,6542
cache,2685,1.0,17326,5969
rsrch_0,4,0.597002612402,0.606077272102,0.598446308263,True,14546
base,569,1,14546,8684
base2,1707,1,14546,8816
cache,1747,0.2,12456,8705
------------------------------------------------
4.8,3600,600,(0.1, 0.3),{'deltap': 0.1, 'deltas': 0.02, 'interval': 10000000, 'watch': (False, 18000000000, {}, 10), 'nrsamples': 2, 'throt': 0.01, 'hitThrot': 0.005}
ts_0,prn_1,hm_0,stg_1,wdev_0,src1_2,rsrch_0,388.541629
base,180551,10917,27388252.5426
base2,179575,32758,27235177.8213,0.99441093509
cache,164213,32754,24966561.7899,0.911579216348
ts_0,23,0.22957564616,0.248243713479,0.236031777296,True,45693
base,1989,1,44452,10490
base2,5967,1,43741,11343
cache,5966,0.2,41466,10785
prn_1,13,0.171864018052,0.180483113232,0.172067473088,True,54066
base,4411,1,51604,9292
base2,13235,1,51565,9758
cache,13234,0.4,49205,9303
hm_0,20,0.526803266294,0.548313927113,0.534099500983,True,26452
base,1157,1,25030,13935
base2,3473,1,25012,14504
cache,3473,0.2,20337,14128
stg_1,25,0.0823387096774,0.176693548387,0.143467741935,True,12400
base,957,1,12381,1021
base2,2872,1,12381,2191
cache,2871,0.2,9824,1779
wdev_0,17,0.469884488449,0.4824669967,0.468440594059,True,14544
base,714,1,14461,6834
base2,2142,1,14461,7017
cache,2141,0.3,13636,6813
src1_2,23,0.325929113107,0.351852847846,0.321411283816,True,18593
base,1120,1,18077,6060
base2,3362,1,17869,6542
cache,3362,0.8,17280,5976
rsrch_0,4,0.597002612402,0.606077272102,0.599202529905,True,14546
base,569,1,14546,8684
base2,1707,1,14546,8816
cache,1707,0.2,12465,8716
------------------------------------------------
4.8,3600,600,(0.1, 0.3),{'deltap': 0.1, 'deltas': 0.02, 'interval': 10000000, 'watch': (False, 18000000000, {}, 10), 'nrsamples': 2, 'throt': 0.01, 'hitThrot': 0.005}
ts_0,prn_1,hm_0,stg_1,wdev_0,src1_2,rsrch_0,212.926068
base,180551,10917,27388252.5426
base2,179575,32758,27235177.8213,0.99441093509
cache,164305,32754,24961316.596,0.911387703806
ts_0,23,0.22957564616,0.248243713479,0.240168078261,True,45693
base,1989,1,44452,10490
base2,5967,1,43741,11343
cache,5966,0.2,41322,10974
prn_1,13,0.171864018052,0.180483113232,0.172252432212,True,54066
base,4411,1,51604,9292
base2,13235,1,51565,9758
cache,13234,0.4,49149,9313
hm_0,20,0.526803266294,0.548313927113,0.534401935581,True,26452
base,1157,1,25030,13935
base2,3473,1,25012,14504
cache,3473,0.2,20407,14136
stg_1,25,0.0823387096774,0.176693548387,0.14435483871,True,12400
base,957,1,12381,1021
base2,2872,1,12381,2191
cache,2871,0.2,9904,1790
wdev_0,17,0.469884488449,0.4824669967,0.468096809681,True,14544
base,714,1,14461,6834
base2,2142,1,14461,7017
cache,2141,0.4,13710,6808
src1_2,23,0.325929113107,0.351852847846,0.32124993277,True,18593
base,1120,1,18077,6060
base2,3362,1,17869,6542
cache,3362,1.0,17323,5973
rsrch_0,4,0.597002612402,0.606077272102,0.599752509281,True,14546
base,569,1,14546,8684
base2,1707,1,14546,8816
cache,1707,0.2,12490,8724
------------------------------------------------
4.8,3600,600,(0.1, 0.3),{'deltap': 0.1, 'deltas': 0.02, 'interval': 10000000, 'watch': (False, 18000000000, {}, 10), 'nrsamples': 2, 'throt': 0.01, 'hitThrot': 0.005}
ts_0,prn_1,hm_0,stg_1,wdev_0,src1_2,rsrch_0,296.683854
base,180551,10917,27388252.5426
base2,179575,32758,27235177.8213,0.99441093509
cache,164430,32754,24949532.8024,0.910957453879
ts_0,23,0.22957564616,0.248243713479,0.236688333005,True,45693
base,1989,1,44452,10490
base2,5967,1,43741,11343
cache,5966,0.2,41527,10815
prn_1,13,0.171864018052,0.180483113232,0.171919505789,True,54066
base,4411,1,51604,9292
base2,13235,1,51565,9758
cache,13234,0.4,49142,9295
hm_0,20,0.526803266294,0.548313927113,0.533343414487,True,26452
base,1157,1,25030,13935
base2,3473,1,25012,14504
cache,3473,0.2,20430,14108
stg_1,25,0.0823387096774,0.176693548387,0.146048387097,True,12400
base,957,1,12381,1021
base2,2872,1,12381,2191
cache,2871,0.2,9862,1811
wdev_0,17,0.469884488449,0.4824669967,0.468440594059,True,14544
base,714,1,14461,6834
base2,2142,1,14461,7017
cache,2141,0.4,13713,6813
src1_2,23,0.325929113107,0.351852847846,0.321841553273,True,18593
base,1120,1,18077,6060
base2,3362,1,17869,6542
cache,3362,0.9,17303,5984
rsrch_0,4,0.597002612402,0.606077272102,0.598927540217,True,14546
base,569,1,14546,8684
base2,1707,1,14546,8816
cache,1707,0.2,12453,8712
------------------------------------------------
4.8,3600,600,(0.1, 0.1),{'deltap': 0.1, 'deltas': 0.02, 'interval': 10000000, 'watch': (False, 18000000000, {}, 10), 'nrsamples': 2, 'throt': 0.01, 'hitThrot': 0.005}
ts_0,prn_1,hm_0,stg_1,wdev_0,src1_2,rsrch_0,63.239567
base,180551,10917,27388252.5426
base2,180551,10917,27388252.5426,1.0
cache,163042,10917,24714187.7455,0.902364534105
ts_0,23,0.22957564616,0.22957564616,0.225680082288,True,45693
base,1989,1,44452,10490
base2,1989,1,44452,10490
cache,1989,0.3,40282,10312
prn_1,13,0.171864018052,0.171864018052,0.167776421411,True,54066
base,4411,1,51604,9292
base2,4411,1,51604,9292
cache,4411,0.5,49868,9071
hm_0,20,0.526803266294,0.526803266294,0.514063208831,False,26452
base,1157,1,25030,13935
base2,1157,1,25030,13935
cache,1157,0.6,21526,13598
stg_1,25,0.0823387096774,0.0823387096774,0.107580645161,True,12400
base,957,1,12381,1021
base2,957,1,12381,1021
cache,957,5.55111512313e-17,7927,1334
wdev_0,17,0.469884488449,0.469884488449,0.468096809681,True,14544
base,714,1,14461,6834
base2,714,1,14461,6834
cache,714,0.5,14010,6808
src1_2,23,0.325929113107,0.325929113107,0.319313720217,True,18593
base,1120,1,18077,6060
base2,1120,1,18077,6060
cache,1120,0.4,17369,5937
rsrch_0,4,0.597002612402,0.597002612402,0.587996700124,True,14546
base,569,1,14546,8684
base2,569,1,14546,8684
cache,569,0.3,12060,8553
------------------------------------------------
4.8,3600,600,(0.1, 0.1),{'deltap': 0.1, 'deltas': 0.02, 'interval': 10000000, 'watch': (False, 18000000000, {}, 10), 'nrsamples': 2, 'throt': 0.01, 'hitThrot': 0.005}
ts_0,prn_1,hm_0,stg_1,wdev_0,src1_2,rsrch_0,61.426048
base,180551,10917,27388252.5426
base2,180551,10917,27388252.5426,1.0
cache,162921,10917,24687259.6672,0.901381335988
ts_0,23,0.22957564616,0.22957564616,0.224782789486,True,45693
base,1989,1,44452,10490
base2,1989,1,44452,10490
cache,1989,0.4,40007,10271
prn_1,13,0.171864018052,0.171864018052,0.166592683017,True,54066
base,4411,1,51604,9292
base2,4411,1,51604,9292
cache,4411,0.5,49833,9007
hm_0,20,0.526803266294,0.526803266294,0.511114471496,False,26452
base,1157,1,25030,13935
base2,1157,1,25030,13935
cache,1157,0.6,21449,13520
stg_1,25,0.0823387096774,0.0823387096774,0.105483870968,True,12400
base,957,1,12381,1021
base2,957,1,12381,1021
cache,957,5.55111512313e-17,7883,1308
wdev_0,17,0.469884488449,0.469884488449,0.467271727173,True,14544
base,714,1,14461,6834
base2,714,1,14461,6834
cache,714,0.5,14002,6796
src1_2,23,0.325929113107,0.325929113107,0.318291830259,True,18593
base,1120,1,18077,6060
base2,1120,1,18077,6060
cache,1120,0.4,17336,5918
rsrch_0,4,0.597002612402,0.597002612402,0.588821669187,True,14546
base,569,1,14546,8684
base2,569,1,14546,8684
cache,569,0.2,12411,8565
------------------------------------------------
4.8,3600,600,(0.1, 0.1),{'deltap': 0.1, 'deltas': 0.02, 'interval': 10000000, 'watch': (False, 18000000000, {}, 10), 'nrsamples': 2, 'throt': 0.01, 'hitThrot': 0.005}
ts_0,prn_1,hm_0,stg_1,wdev_0,src1_2,rsrch_0,60.453818
base,180551,10917,27388252.5426
base2,180551,10917,27388252.5426,1.0
cache,162876,10917,24690941.4785,0.901515766297
ts_0,23,0.22957564616,0.22957564616,0.225570656337,True,45693
base,1989,1,44452,10490
base2,1989,1,44452,10490
cache,1989,0.2,40264,10307
prn_1,13,0.171864018052,0.171864018052,0.166962601265,True,54066
base,4411,1,51604,9292
base2,4411,1,51604,9292
cache,4411,0.5,49850,9027
hm_0,20,0.526803266294,0.526803266294,0.511794949342,False,26452
base,1157,1,25030,13935
base2,1157,1,25030,13935
cache,1157,0.6,21472,13538
stg_1,25,0.0823387096774,0.0823387096774,0.106048387097,True,12400
base,957,1,12381,1021
base2,957,1,12381,1021
cache,957,5.55111512313e-17,7867,1315
wdev_0,17,0.469884488449,0.469884488449,0.467821782178,True,14544
base,714,1,14461,6834
base2,714,1,14461,6834
cache,714,0.3,13849,6804
src1_2,23,0.325929113107,0.325929113107,0.317431291346,True,18593
base,1120,1,18077,6060
base2,1120,1,18077,6060
cache,1120,0.4,17134,5902
rsrch_0,4,0.597002612402,0.597002612402,0.588959164031,True,14546
base,569,1,14546,8684
base2,569,1,14546,8684
cache,569,0.2,12440,8567
------------------------------------------------
4.8,3600,600,(0.1, 0.1),{'deltap': 0.1, 'deltas': 0.02, 'interval': 10000000, 'watch': (False, 18000000000, {}, 10), 'nrsamples': 2, 'throt': 0.01, 'hitThrot': 0.005}
ts_0,prn_1,hm_0,stg_1,wdev_0,src1_2,rsrch_0,62.804713
base,180551,10917,27388252.5426
base2,180551,10917,27388252.5426,1.0
cache,162308,10917,24601586.4615,0.898253235515
ts_0,23,0.22957564616,0.22957564616,0.224607707964,True,45693
base,1989,1,44452,10490
base2,1989,1,44452,10490
cache,1989,0.2,39872,10263
prn_1,13,0.171864018052,0.171864018052,0.166796138053,True,54066
base,4411,1,51604,9292
base2,4411,1,51604,9292
cache,4411,0.5,49828,9018
hm_0,20,0.526803266294,0.526803266294,0.513685165583,False,26452
base,1157,1,25030,13935
base2,1157,1,25030,13935
cache,1157,0.6,21514,13588
stg_1,25,0.0823387096774,0.0823387096774,0.109274193548,True,12400
base,957,1,12381,1021
base2,957,1,12381,1021
cache,957,5.55111512313e-17,7985,1355
wdev_0,17,0.469884488449,0.469884488449,0.468440594059,True,14544
base,714,1,14461,6834
base2,714,1,14461,6834
cache,714,0.3,13820,6813
src1_2,23,0.325929113107,0.325929113107,0.319959124402,True,18593
base,1120,1,18077,6060
base2,1120,1,18077,6060
cache,1120,0.5,17389,5949
rsrch_0,4,0.597002612402,0.597002612402,0.58785920528,True,14546
base,569,1,14546,8684
base2,569,1,14546,8684
cache,569,0.1,11900,8551
------------------------------------------------
4.8,3600,600,(0.1, 0.1),{'deltap': 0.1, 'deltas': 0.02, 'interval': 10000000, 'watch': (False, 18000000000, {}, 10), 'nrsamples': 2, 'throt': 0.01, 'hitThrot': 0.005}
ts_0,prn_1,hm_0,stg_1,wdev_0,src1_2,rsrch_0,58.465314
base,180551,10917,27388252.5426
base2,180551,10917,27388252.5426,1.0
cache,162315,10917,24628563.7051,0.899238228756
ts_0,23,0.22957564616,0.22957564616,0.224410741251,True,45693
base,1989,1,44452,10490
base2,1989,1,44452,10490
cache,1989,0.3,39870,10254
prn_1,13,0.171864018052,0.171864018052,0.166518699367,True,54066
base,4411,1,51604,9292
base2,4411,1,51604,9292
cache,4411,0.5,49923,9003
hm_0,20,0.526803266294,0.526803266294,0.513571752608,False,26452
base,1157,1,25030,13935
base2,1157,1,25030,13935
cache,1157,0.6,21512,13585
stg_1,25,0.0823387096774,0.0823387096774,0.1075,True,12400
base,957,1,12381,1021
base2,957,1,12381,1021
cache,957,5.55111512313e-17,7936,1333
wdev_0,17,0.469884488449,0.469884488449,0.467065456546,True,14544
base,714,1,14461,6834
base2,714,1,14461,6834
cache,714,0.3,13775,6793
src1_2,23,0.325929113107,0.325929113107,0.319152369171,True,18593
base,1120,1,18077,6060
base2,1120,1,18077,6060
cache,1120,0.4,17390,5934
rsrch_0,4,0.597002612402,0.597002612402,0.587240478482,True,14546
base,569,1,14546,8684
base2,569,1,14546,8684
cache,569,0.1,11909,8542
------------------------------------------------
4.8,3600,600,(0.1, 0.1),{'deltap': 0.1, 'deltas': 0.02, 'interval': 10000000, 'watch': (False, 18000000000, {}, 10), 'nrsamples': 2, 'throt': 0.01, 'hitThrot': 0.005}
ts_0,prn_1,hm_0,stg_1,wdev_0,src1_2,rsrch_0,56.315955
base,180551,10917,27388252.5426
base2,180551,10917,27388252.5426,1.0
cache,162303,10917,24601586.4615,0.898253235515
ts_0,23,0.22957564616,0.22957564616,0.224432626442,True,45693
base,1989,1,44452,10490
base2,1989,1,44452,10490
cache,1989,0.3,39844,10255
prn_1,13,0.171864018052,0.171864018052,0.166648170754,True,54066
base,4411,1,51604,9292
base2,4411,1,51604,9292
cache,4411,0.5,49891,9010
hm_0,20,0.526803266294,0.526803266294,0.513231513685,False,26452
base,1157,1,25030,13935
base2,1157,1,25030,13935
cache,1157,0.6,21467,13576
stg_1,25,0.0823387096774,0.0823387096774,0.107096774194,True,12400
base,957,1,12381,1021
base2,957,1,12381,1021
cache,957,5.55111512313e-17,7783,1328
wdev_0,17,0.469884488449,0.469884488449,0.468028052805,True,14544
base,714,1,14461,6834
base2,714,1,14461,6834
cache,714,0.5,14028,6807
src1_2,23,0.325929113107,0.325929113107,0.319098585489,True,18593
base,1120,1,18077,6060
base2,1120,1,18077,6060
cache,1120,0.5,17388,5933
rsrch_0,4,0.597002612402,0.597002612402,0.586965488794,False,14546
base,569,1,14546,8684
base2,569,1,14546,8684
cache,569,0.1,11902,8538
------------------------------------------------
4.8,3600,600,(0.1, 0.1),{'deltap': 0.1, 'deltas': 0.02, 'interval': 10000000, 'watch': (False, 18000000000, {}, 10), 'nrsamples': 2, 'throt': 0.01, 'hitThrot': 0.005}
ts_0,prn_1,hm_0,stg_1,wdev_0,src1_2,rsrch_0,57.038617
base,180551,10917,27388252.5426
base2,180551,10917,27388252.5426,1.0
cache,162895,10917,24690941.4785,0.901515766297
ts_0,23,0.22957564616,0.22957564616,0.225154837721,True,45693
base,1989,1,44452,10490
base2,1989,1,44452,10490
cache,1989,0.5,40528,10288
prn_1,13,0.171864018052,0.171864018052,0.167406503163,True,54066
base,4411,1,51604,9292
base2,4411,1,51604,9292
cache,4411,0.5,49858,9051
hm_0,20,0.526803266294,0.526803266294,0.511643732043,False,26452
base,1157,1,25030,13935
base2,1157,1,25030,13935
cache,1157,0.6,21439,13534
stg_1,25,0.0823387096774,0.0823387096774,0.105967741935,True,12400
base,957,1,12381,1021
base2,957,1,12381,1021
cache,957,5.55111512313e-17,7938,1314
wdev_0,17,0.469884488449,0.469884488449,0.467890539054,True,14544
base,714,1,14461,6834
base2,714,1,14461,6834
cache,714,0.3,13824,6805
src1_2,23,0.325929113107,0.325929113107,0.319528854945,True,18593
base,1120,1,18077,6060
base2,1120,1,18077,6060
cache,1120,0.7,17427,5941
rsrch_0,4,0.597002612402,0.597002612402,0.587240478482,True,14546
base,569,1,14546,8684
base2,569,1,14546,8684
cache,569,0.1,11881,8542
------------------------------------------------
4.8,3600,600,(0.1, 0.1),{'deltap': 0.1, 'deltas': 0.02, 'interval': 10000000, 'watch': (False, 18000000000, {}, 10), 'nrsamples': 2, 'throt': 0.01, 'hitThrot': 0.005}
ts_0,prn_1,hm_0,stg_1,wdev_0,src1_2,rsrch_0,57.279936
base,180551,10917,27388252.5426
base2,180551,10917,27388252.5426,1.0
cache,162065,10917,24581695.5712,0.897526979239
ts_0,23,0.22957564616,0.22957564616,0.223973037446,True,45693
base,1989,1,44452,10490
base2,1989,1,44452,10490
cache,1989,0.3,39872,10234
prn_1,13,0.171864018052,0.171864018052,0.167314023601,True,54066
base,4411,1,51604,9292
base2,4411,1,51604,9292
cache,4411,0.5,49887,9046
hm_0,20,0.526803266294,0.526803266294,0.512135188266,False,26452
base,1157,1,25030,13935
base2,1157,1,25030,13935
cache,1157,0.6,21421,13547
stg_1,25,0.0823387096774,0.0823387096774,0.104838709677,True,12400
base,957,1,12381,1021
base2,957,1,12381,1021
cache,957,5.55111512313e-17,7893,1300
wdev_0,17,0.469884488449,0.469884488449,0.468028052805,True,14544
base,714,1,14461,6834
base2,714,1,14461,6834
cache,714,0.3,13794,6807
src1_2,23,0.325929113107,0.325929113107,0.318829667079,True,18593
base,1120,1,18077,6060
base2,1120,1,18077,6060
cache,1120,0.4,17313,5928
rsrch_0,4,0.597002612402,0.597002612402,0.58785920528,True,14546
base,569,1,14546,8684
base2,569,1,14546,8684
cache,569,0.1,11885,8551
------------------------------------------------
4.8,3600,600,(0.1, 0.1),{'deltap': 0.1, 'deltas': 0.02, 'interval': 10000000, 'watch': (False, 18000000000, {}, 10), 'nrsamples': 2, 'throt': 0.01, 'hitThrot': 0.005}
ts_0,prn_1,hm_0,stg_1,wdev_0,src1_2,rsrch_0,55.977503
base,180551,10917,27388252.5426
base2,180551,10917,27388252.5426,1.0
cache,161533,10917,24479395.0246,0.893791781223
ts_0,23,0.22957564616,0.22957564616,0.224082463397,True,45693
base,1989,1,44452,10490
base2,1989,1,44452,10490
cache,1989,0.3,39897,10239
prn_1,13,0.171864018052,0.171864018052,0.166777642141,True,54066
base,4411,1,51604,9292
base2,4411,1,51604,9292
cache,4411,0.5,49850,9017
hm_0,20,0.526803266294,0.526803266294,0.510660819598,False,26452
base,1157,1,25030,13935
base2,1157,1,25030,13935
cache,1157,0.5,20374,13508
stg_1,25,0.0823387096774,0.0823387096774,0.107096774194,True,12400
base,957,1,12381,1021
base2,957,1,12381,1021
cache,957,5.55111512313e-17,7862,1328
wdev_0,17,0.469884488449,0.469884488449,0.467271727173,True,14544
base,714,1,14461,6834
base2,714,1,14461,6834
cache,714,0.3,13802,6796
src1_2,23,0.325929113107,0.325929113107,0.318668316033,True,18593
base,1120,1,18077,6060
base2,1120,1,18077,6060
cache,1120,0.4,17364,5925
rsrch_0,4,0.597002612402,0.597002612402,0.591434071222,True,14546
base,569,1,14546,8684
base2,569,1,14546,8684
cache,569,0.2,12384,8603
------------------------------------------------
4.8,3600,600,(0.1, 0.1),{'deltap': 0.1, 'deltas': 0.02, 'interval': 10000000, 'watch': (False, 18000000000, {}, 10), 'nrsamples': 2, 'throt': 0.01, 'hitThrot': 0.005}
ts_0,prn_1,hm_0,stg_1,wdev_0,src1_2,rsrch_0,64.067245
base,180551,10917,27388252.5426
base2,180551,10917,27388252.5426,1.0
cache,162978,10917,24722836.6764,0.902680323907
ts_0,23,0.22957564616,0.22957564616,0.22506729696,True,45693
base,1989,1,44452,10490
base2,1989,1,44452,10490
cache,1989,0.5,40665,10284
prn_1,13,0.171864018052,0.171864018052,0.166796138053,True,54066
base,4411,1,51604,9292
base2,4411,1,51604,9292
cache,4411,0.5,49901,9018
hm_0,20,0.526803266294,0.526803266294,0.513080296386,False,26452
base,1157,1,25030,13935
base2,1157,1,25030,13935
cache,1157,0.6,21455,13572
stg_1,25,0.0823387096774,0.0823387096774,0.107903225806,True,12400
base,957,1,12381,1021
base2,957,1,12381,1021
cache,957,5.55111512313e-17,7964,1338
wdev_0,17,0.469884488449,0.469884488449,0.468234323432,True,14544
base,714,1,14461,6834
base2,714,1,14461,6834
cache,714,0.3,13799,6810
src1_2,23,0.325929113107,0.325929113107,0.318614532351,True,18593
base,1120,1,18077,6060
base2,1120,1,18077,6060
cache,1120,0.4,17341,5924
rsrch_0,4,0.597002612402,0.597002612402,0.587996700124,True,14546
base,569,1,14546,8684
base2,569,1,14546,8684
cache,569,0.1,11853,8553
------------------------------------------------
4.8,3600,600,(0.1, 0.1),{'deltap': 0.1, 'deltas': 0.02, 'interval': 10000000, 'watch': (False, 18000000000, {}, 10), 'nrsamples': 0, 'throt': 0.01, 'hitThrot': 0.005}
ts_0,prn_1,hm_0,stg_1,wdev_0,src1_2,rsrch_0,28.187879
base,180551,10917,27388252.5426
base2,180551,10917,27388252.5426,1.0
cache,180551,10917,27388252.5426,1.0
ts_0,23,0.22957564616,0.22957564616,0.22957564616,True,45693
base,1989,1,44452,10490
base2,1989,1,44452,10490
cache,1989,1.0,44452,10490
prn_1,13,0.171864018052,0.171864018052,0.171864018052,True,54066
base,4411,1,51604,9292
base2,4411,1,51604,9292
cache,4411,1.0,51604,9292
hm_0,20,0.526803266294,0.526803266294,0.526803266294,True,26452
base,1157,1,25030,13935
base2,1157,1,25030,13935
cache,1157,1.0,25030,13935
stg_1,25,0.0823387096774,0.0823387096774,0.0823387096774,True,12400
base,957,1,12381,1021
base2,957,1,12381,1021
cache,957,1.0,12381,1021
wdev_0,17,0.469884488449,0.469884488449,0.469884488449,True,14544
base,714,1,14461,6834
base2,714,1,14461,6834
cache,714,1.0,14461,6834
src1_2,23,0.325929113107,0.325929113107,0.325929113107,True,18593
base,1120,1,18077,6060
base2,1120,1,18077,6060
cache,1120,1.0,18077,6060
rsrch_0,4,0.597002612402,0.597002612402,0.597002612402,True,14546
base,569,1,14546,8684
base2,569,1,14546,8684
cache,569,1.0,14546,8684
------------------------------------------------
4.8,3600,600,(0.1, 0.1),{'deltap': 0.1, 'deltas': 0.02, 'interval': 10000000, 'watch': (False, 18000000000, {}, 10), 'nrsamples': 0, 'throt': 0.01, 'hitThrot': 0.005}
ts_0,prn_1,hm_0,stg_1,wdev_0,src1_2,rsrch_0,28.771714
base,180551,10917,27388252.5426
base2,180551,10917,27388252.5426,1.0
cache,180551,10917,27388252.5426,1.0
ts_0,23,0.22957564616,0.22957564616,0.22957564616,True,45693
base,1989,1,44452,10490
base2,1989,1,44452,10490
cache,1989,1.0,44452,10490
prn_1,13,0.171864018052,0.171864018052,0.171864018052,True,54066
base,4411,1,51604,9292
base2,4411,1,51604,9292
cache,4411,1.0,51604,9292
hm_0,20,0.526803266294,0.526803266294,0.526803266294,True,26452
base,1157,1,25030,13935
base2,1157,1,25030,13935
cache,1157,1.0,25030,13935
stg_1,25,0.0823387096774,0.0823387096774,0.0823387096774,True,12400
base,957,1,12381,1021
base2,957,1,12381,1021
cache,957,1.0,12381,1021
wdev_0,17,0.469884488449,0.469884488449,0.469884488449,True,14544
base,714,1,14461,6834
base2,714,1,14461,6834
cache,714,1.0,14461,6834
src1_2,23,0.325929113107,0.325929113107,0.325929113107,True,18593
base,1120,1,18077,6060
base2,1120,1,18077,6060
cache,1120,1.0,18077,6060
rsrch_0,4,0.597002612402,0.597002612402,0.597002612402,True,14546
base,569,1,14546,8684
base2,569,1,14546,8684
cache,569,1.0,14546,8684
------------------------------------------------
4.8,3600,600,(0.1, 0.1),{'deltap': 0.1, 'deltas': 0.02, 'interval': 10000000, 'watch': (False, 18000000000, {}, 10), 'nrsamples': 0, 'throt': 0.01, 'hitThrot': 0.005}
ts_0,prn_1,hm_0,stg_1,wdev_0,src1_2,rsrch_0,28.799986
base,180551,10917,27388252.5426
base2,180551,10917,27388252.5426,1.0
cache,180551,10917,27388252.5426,1.0
ts_0,23,0.22957564616,0.22957564616,0.22957564616,True,45693
base,1989,1,44452,10490
base2,1989,1,44452,10490
cache,1989,1.0,44452,10490
prn_1,13,0.171864018052,0.171864018052,0.171864018052,True,54066
base,4411,1,51604,9292
base2,4411,1,51604,9292
cache,4411,1.0,51604,9292
hm_0,20,0.526803266294,0.526803266294,0.526803266294,True,26452
base,1157,1,25030,13935
base2,1157,1,25030,13935
cache,1157,1.0,25030,13935
stg_1,25,0.0823387096774,0.0823387096774,0.0823387096774,True,12400
base,957,1,12381,1021
base2,957,1,12381,1021
cache,957,1.0,12381,1021
wdev_0,17,0.469884488449,0.469884488449,0.469884488449,True,14544
base,714,1,14461,6834
base2,714,1,14461,6834
cache,714,1.0,14461,6834
src1_2,23,0.325929113107,0.325929113107,0.325929113107,True,18593
base,1120,1,18077,6060
base2,1120,1,18077,6060
cache,1120,1.0,18077,6060
rsrch_0,4,0.597002612402,0.597002612402,0.597002612402,True,14546
base,569,1,14546,8684
base2,569,1,14546,8684
cache,569,1.0,14546,8684
------------------------------------------------
4.8,3600,600,(0.1, 0.1),{'deltap': 0.1, 'deltas': 0.02, 'interval': 10000000, 'watch': (False, 18000000000, {}, 10), 'nrsamples': 0, 'throt': 0.01, 'hitThrot': 0.005}
ts_0,prn_1,hm_0,stg_1,wdev_0,src1_2,rsrch_0,29.416984
base,180551,10917,27388252.5426
base2,180551,10917,27388252.5426,1.0
cache,180551,10917,27388252.5426,1.0
ts_0,23,0.22957564616,0.22957564616,0.22957564616,True,45693
base,1989,1,44452,10490
base2,1989,1,44452,10490
cache,1989,1.0,44452,10490
prn_1,13,0.171864018052,0.171864018052,0.171864018052,True,54066
base,4411,1,51604,9292
base2,4411,1,51604,9292
cache,4411,1.0,51604,9292
hm_0,20,0.526803266294,0.526803266294,0.526803266294,True,26452
base,1157,1,25030,13935
base2,1157,1,25030,13935
cache,1157,1.0,25030,13935
stg_1,25,0.0823387096774,0.0823387096774,0.0823387096774,True,12400
base,957,1,12381,1021
base2,957,1,12381,1021
cache,957,1.0,12381,1021
wdev_0,17,0.469884488449,0.469884488449,0.469884488449,True,14544
base,714,1,14461,6834
base2,714,1,14461,6834
cache,714,1.0,14461,6834
src1_2,23,0.325929113107,0.325929113107,0.325929113107,True,18593
base,1120,1,18077,6060
base2,1120,1,18077,6060
cache,1120,1.0,18077,6060
rsrch_0,4,0.597002612402,0.597002612402,0.597002612402,True,14546
base,569,1,14546,8684
base2,569,1,14546,8684
cache,569,1.0,14546,8684
------------------------------------------------
4.8,3600,600,(0.1, 0.1),{'deltap': 0.1, 'deltas': 0.02, 'interval': 10000000, 'watch': (False, 18000000000, {}, 10), 'nrsamples': 0, 'throt': 0.01, 'hitThrot': 0.005}
ts_0,prn_1,hm_0,stg_1,wdev_0,src1_2,rsrch_0,28.035084
base,180551,10917,27388252.5426
base2,180551,10917,27388252.5426,1.0
cache,180551,10917,27388252.5426,1.0
ts_0,23,0.22957564616,0.22957564616,0.22957564616,True,45693
base,1989,1,44452,10490
base2,1989,1,44452,10490
cache,1989,1.0,44452,10490
prn_1,13,0.171864018052,0.171864018052,0.171864018052,True,54066
base,4411,1,51604,9292
base2,4411,1,51604,9292
cache,4411,1.0,51604,9292
hm_0,20,0.526803266294,0.526803266294,0.526803266294,True,26452
base,1157,1,25030,13935
base2,1157,1,25030,13935
cache,1157,1.0,25030,13935
stg_1,25,0.0823387096774,0.0823387096774,0.0823387096774,True,12400
base,957,1,12381,1021
base2,957,1,12381,1021
cache,957,1.0,12381,1021
wdev_0,17,0.469884488449,0.469884488449,0.469884488449,True,14544
base,714,1,14461,6834
base2,714,1,14461,6834
cache,714,1.0,14461,6834
src1_2,23,0.325929113107,0.325929113107,0.325929113107,True,18593
base,1120,1,18077,6060
base2,1120,1,18077,6060
cache,1120,1.0,18077,6060
rsrch_0,4,0.597002612402,0.597002612402,0.597002612402,True,14546
base,569,1,14546,8684
base2,569,1,14546,8684
cache,569,1.0,14546,8684
------------------------------------------------
4.8,3600,600,(0.1, 0.1),{'deltap': 0.1, 'deltas': 0.02, 'interval': 10000000, 'watch': (False, 18000000000, {}, 10), 'nrsamples': 0, 'throt': 0.01, 'hitThrot': 0.005}
ts_0,prn_1,hm_0,stg_1,wdev_0,src1_2,rsrch_0,28.043895
base,180551,10917,27388252.5426
base2,180551,10917,27388252.5426,1.0
cache,180551,10917,27388252.5426,1.0
ts_0,23,0.22957564616,0.22957564616,0.22957564616,True,45693
base,1989,1,44452,10490
base2,1989,1,44452,10490
cache,1989,1.0,44452,10490
prn_1,13,0.171864018052,0.171864018052,0.171864018052,True,54066
base,4411,1,51604,9292
base2,4411,1,51604,9292
cache,4411,1.0,51604,9292
hm_0,20,0.526803266294,0.526803266294,0.526803266294,True,26452
base,1157,1,25030,13935
base2,1157,1,25030,13935
cache,1157,1.0,25030,13935
stg_1,25,0.0823387096774,0.0823387096774,0.0823387096774,True,12400
base,957,1,12381,1021
base2,957,1,12381,1021
cache,957,1.0,12381,1021
wdev_0,17,0.469884488449,0.469884488449,0.469884488449,True,14544
base,714,1,14461,6834
base2,714,1,14461,6834
cache,714,1.0,14461,6834
src1_2,23,0.325929113107,0.325929113107,0.325929113107,True,18593
base,1120,1,18077,6060
base2,1120,1,18077,6060
cache,1120,1.0,18077,6060
rsrch_0,4,0.597002612402,0.597002612402,0.597002612402,True,14546
base,569,1,14546,8684
base2,569,1,14546,8684
cache,569,1.0,14546,8684
------------------------------------------------
4.8,3600,600,(0.1, 0.1),{'deltap': 0.1, 'deltas': 0.02, 'interval': 10000000, 'watch': (False, 18000000000, {}, 10), 'nrsamples': 0, 'throt': 0.01, 'hitThrot': 0.005}
ts_0,prn_1,hm_0,stg_1,wdev_0,src1_2,rsrch_0,28.57175
base,180551,10917,27388252.5426
base2,180551,10917,27388252.5426,1.0
cache,180551,10917,27388252.5426,1.0
ts_0,23,0.22957564616,0.22957564616,0.22957564616,True,45693
base,1989,1,44452,10490
base2,1989,1,44452,10490
cache,1989,1.0,44452,10490
prn_1,13,0.171864018052,0.171864018052,0.171864018052,True,54066
base,4411,1,51604,9292
base2,4411,1,51604,9292
cache,4411,1.0,51604,9292
hm_0,20,0.526803266294,0.526803266294,0.526803266294,True,26452
base,1157,1,25030,13935
base2,1157,1,25030,13935
cache,1157,1.0,25030,13935
stg_1,25,0.0823387096774,0.0823387096774,0.0823387096774,True,12400
base,957,1,12381,1021
base2,957,1,12381,1021
cache,957,1.0,12381,1021
wdev_0,17,0.469884488449,0.469884488449,0.469884488449,True,14544
base,714,1,14461,6834
base2,714,1,14461,6834
cache,714,1.0,14461,6834
src1_2,23,0.325929113107,0.325929113107,0.325929113107,True,18593
base,1120,1,18077,6060
base2,1120,1,18077,6060
cache,1120,1.0,18077,6060
rsrch_0,4,0.597002612402,0.597002612402,0.597002612402,True,14546
base,569,1,14546,8684
base2,569,1,14546,8684
cache,569,1.0,14546,8684
------------------------------------------------
4.8,3600,600,(0.1, 0.1),{'deltap': 0.1, 'deltas': 0.02, 'interval': 10000000, 'watch': (False, 18000000000, {}, 10), 'nrsamples': 0, 'throt': 0.01, 'hitThrot': 0.005}
ts_0,prn_1,hm_0,stg_1,wdev_0,src1_2,rsrch_0,28.400483
base,180551,10917,27388252.5426
base2,180551,10917,27388252.5426,1.0
cache,180551,10917,27388252.5426,1.0
ts_0,23,0.22957564616,0.22957564616,0.22957564616,True,45693
base,1989,1,44452,10490
base2,1989,1,44452,10490
cache,1989,1.0,44452,10490
prn_1,13,0.171864018052,0.171864018052,0.171864018052,True,54066
base,4411,1,51604,9292
base2,4411,1,51604,9292
cache,4411,1.0,51604,9292
hm_0,20,0.526803266294,0.526803266294,0.526803266294,True,26452
base,1157,1,25030,13935
base2,1157,1,25030,13935
cache,1157,1.0,25030,13935
stg_1,25,0.0823387096774,0.0823387096774,0.0823387096774,True,12400
base,957,1,12381,1021
base2,957,1,12381,1021
cache,957,1.0,12381,1021
wdev_0,17,0.469884488449,0.469884488449,0.469884488449,True,14544
base,714,1,14461,6834
base2,714,1,14461,6834
cache,714,1.0,14461,6834
src1_2,23,0.325929113107,0.325929113107,0.325929113107,True,18593
base,1120,1,18077,6060
base2,1120,1,18077,6060
cache,1120,1.0,18077,6060
rsrch_0,4,0.597002612402,0.597002612402,0.597002612402,True,14546
base,569,1,14546,8684
base2,569,1,14546,8684
cache,569,1.0,14546,8684
------------------------------------------------
4.8,3600,600,(0.1, 0.1),{'deltap': 0.1, 'deltas': 0.02, 'interval': 10000000, 'watch': (False, 18000000000, {}, 10), 'nrsamples': 0, 'throt': 0.01, 'hitThrot': 0.005}
ts_0,prn_1,hm_0,stg_1,wdev_0,src1_2,rsrch_0,28.417297
base,180551,10917,27388252.5426
base2,180551,10917,27388252.5426,1.0
cache,180551,10917,27388252.5426,1.0
ts_0,23,0.22957564616,0.22957564616,0.22957564616,True,45693
base,1989,1,44452,10490
base2,1989,1,44452,10490
cache,1989,1.0,44452,10490
prn_1,13,0.171864018052,0.171864018052,0.171864018052,True,54066
base,4411,1,51604,9292
base2,4411,1,51604,9292
cache,4411,1.0,51604,9292
hm_0,20,0.526803266294,0.526803266294,0.526803266294,True,26452
base,1157,1,25030,13935
base2,1157,1,25030,13935
cache,1157,1.0,25030,13935
stg_1,25,0.0823387096774,0.0823387096774,0.0823387096774,True,12400
base,957,1,12381,1021
base2,957,1,12381,1021
cache,957,1.0,12381,1021
wdev_0,17,0.469884488449,0.469884488449,0.469884488449,True,14544
base,714,1,14461,6834
base2,714,1,14461,6834
cache,714,1.0,14461,6834
src1_2,23,0.325929113107,0.325929113107,0.325929113107,True,18593
base,1120,1,18077,6060
base2,1120,1,18077,6060
cache,1120,1.0,18077,6060
rsrch_0,4,0.597002612402,0.597002612402,0.597002612402,True,14546
base,569,1,14546,8684
base2,569,1,14546,8684
cache,569,1.0,14546,8684
------------------------------------------------
4.8,3600,600,(0.1, 0.1),{'deltap': 0.1, 'deltas': 0.02, 'interval': 10000000, 'watch': (False, 18000000000, {}, 10), 'nrsamples': 0, 'throt': 0.01, 'hitThrot': 0.005}
ts_0,prn_1,hm_0,stg_1,wdev_0,src1_2,rsrch_0,28.026789
base,180551,10917,27388252.5426
base2,180551,10917,27388252.5426,1.0
cache,180551,10917,27388252.5426,1.0
ts_0,23,0.22957564616,0.22957564616,0.22957564616,True,45693
base,1989,1,44452,10490
base2,1989,1,44452,10490
cache,1989,1.0,44452,10490
prn_1,13,0.171864018052,0.171864018052,0.171864018052,True,54066
base,4411,1,51604,9292
base2,4411,1,51604,9292
cache,4411,1.0,51604,9292
hm_0,20,0.526803266294,0.526803266294,0.526803266294,True,26452
base,1157,1,25030,13935
base2,1157,1,25030,13935
cache,1157,1.0,25030,13935
stg_1,25,0.0823387096774,0.0823387096774,0.0823387096774,True,12400
base,957,1,12381,1021
base2,957,1,12381,1021
cache,957,1.0,12381,1021
wdev_0,17,0.469884488449,0.469884488449,0.469884488449,True,14544
base,714,1,14461,6834
base2,714,1,14461,6834
cache,714,1.0,14461,6834
src1_2,23,0.325929113107,0.325929113107,0.325929113107,True,18593
base,1120,1,18077,6060
base2,1120,1,18077,6060
cache,1120,1.0,18077,6060
rsrch_0,4,0.597002612402,0.597002612402,0.597002612402,True,14546
base,569,1,14546,8684
base2,569,1,14546,8684
cache,569,1.0,14546,8684
